Rk,player_id,Player,PlayerName,Race,Pos,Age,Tm,G,MP,PER,TS%,3PAr,FTr,ORB%,DRB%,TRB%,AST%,STL%,BLK%,TOV%,USG%,OWS,DWS,WS,WS/48,OBPM,DBPM,BPM,VORP,Salary
1,achiupr01,Precious Achiuwa\achiupr01,Precious Achiuwa,#N/A,PF,21,MIA,61,737,14.2,0.55,0.004,0.482,11.5,20.6,16.1,6.1,1.3,4,13.5,19.5,0.3,1,1.3,0.085,-3.5,-0.9,-4.5,-0.5,2711280
2,adamsja01,Jaylen Adams\adamsja01,Jaylen Adams,#N/A,PG,24,MIL,7,18,-6.5,0.125,0.25,0,0,16.9,8.8,12.7,0,0,0,18.6,-0.1,0,-0.1,-0.252,-14.9,-5,-19.8,-0.1,#N/A
3,adamsst01,Steven Adams\adamsst01,Steven Adams,Mixed/Polynesian,C,27,NOP,58,1605,15.1,0.596,0.01,0.438,14.4,20.4,17.4,9.1,1.6,2.2,17.5,11.7,2.3,1.7,4,0.119,-0.3,-0.5,-0.8,0.5,17073171
4,adebaba01,Bam Adebayo\adebaba01,Bam Adebayo,Black,C,23,MIA,64,2143,22.7,0.626,0.01,0.443,7.7,22.6,15.3,26.9,1.7,3.2,15,23.7,5.6,3.2,8.8,0.197,2.9,1.9,4.7,3.6,28103550
5,aldrila01,LaMarcus Aldridge\aldrila01,LaMarcus Aldridge,Black,C,35,TOT,26,674,15.7,0.556,0.27,0.159,3,15.8,9.4,11,0.8,3.7,7.9,22.2,0.5,0.6,1.1,0.08,-0.2,-0.4,-0.6,0.2,2641691
6,alexani01,Nickeil Alexander-Walker\alexani01,Nickeil Alexander-Walker,Black/Mixed,SG,22,NOP,46,1007,12.5,0.522,0.478,0.144,1.4,14.1,7.8,14.7,2.2,2.1,12.4,23.2,-0.3,1,0.7,0.035,-1.4,-0.2,-1.6,0.1,3261480
7,alexaty01,Ty-Shon Alexander\alexaty01,Ty-Shon Alexander,#N/A,SG,22,PHO,15,47,4.2,0.349,0.75,0.167,4.9,19,12.1,15.4,0,1.9,18.9,15,-0.1,0,0,-0.048,-5.3,-1.6,-6.8,-0.1,#N/A
8,allengr01,Grayson Allen\allengr01,Grayson Allen,White,SG,25,MEM,50,1259,12.8,0.586,0.662,0.22,1.6,12,6.7,11.5,1.7,0.6,9.6,16.8,1.5,1.2,2.7,0.101,-0.4,-0.1,-0.5,0.5,4054695
9,allenja01,Jarrett Allen\allenja01,Jarrett Allen,Black,C,22,TOT,63,1864,20.1,0.661,0.039,0.602,11.6,26.3,18.9,8.7,0.8,4.3,14.1,16.6,4.3,2.1,6.4,0.166,1.4,-0.4,0.9,1.4,20000000
10,aminual01,Al-Farouq Aminu\aminual01,Al-Farouq Aminu,Black,PF,30,TOT,23,434,8.9,0.469,0.374,0.222,5.1,21.9,13.3,10.1,2.1,1.9,20.5,13.6,-0.4,0.5,0.1,0.01,-5,1,-4,-0.2,10183800
11,anderky01,Kyle Anderson\anderky01,Kyle Anderson,Black/Mixed,PF,27,MEM,69,1887,17.2,0.578,0.397,0.28,2.9,19.5,11.1,18.3,2.1,2.7,10.4,18.5,2.9,2.7,5.6,0.143,1.4,1.7,3.1,2.4,9937150
12,antetgi01,Giannis Antetokounmpo\antetgi01,Giannis Antetokounmpo,Black,PF,26,MIL,61,2013,29.2,0.633,0.201,0.528,5.3,28.9,17.5,28.7,1.7,3.2,13.2,32.5,6.9,3.3,10.2,0.244,6.2,2.6,8.8,5.5,39344970
13,antetko01,Kostas Antetokounmpo\antetko01,Kostas Antetokounmpo,Black,PF,23,LAL,15,56,0,0.382,0,1.3,8.1,29.9,19.1,2.3,1.7,6.4,41.2,20.7,-0.3,0.1,-0.2,-0.174,-13.2,0.2,-13,-0.2,#N/A
14,antetth01,Thanasis Antetokounmpo\antetth01,Thanasis Antetokounmpo,Black,SF,28,MIL,57,551,10.3,0.523,0.212,0.358,10.7,12.9,11.8,10.3,1.9,1.6,21.3,15.3,0,0.6,0.7,0.057,-3.6,-0.3,-3.9,-0.3,1729217
15,anthoca01,Carmelo Anthony\anthoca01,Carmelo Anthony,Black,PF,36,POR,69,1690,14.6,0.547,0.418,0.198,2,11.8,6.8,9.2,1.3,2,6.7,23.1,1.7,0.8,2.6,0.073,0.1,-1.6,-1.5,0.2,2641691
16,anthoco01,Cole Anthony\anthoco01,Cole Anthony,#N/A,PG,20,ORL,47,1273,12.1,0.496,0.312,0.237,3,15.4,9,24.2,1.1,1.3,14.8,24.3,-0.9,0.9,0,-0.001,-2,-1.3,-3.3,-0.4,3449400
17,anunoog01,OG Anunoby\anunoog01,OG Anunoby,Black,SF,23,TOR,43,1433,15.4,0.605,0.503,0.197,4,14.6,9.1,10.1,2.2,2.2,11.7,19.3,1.5,1.6,3.1,0.104,0.6,0.3,1,1.1,16071429
18,arcidry01,Ryan Arcidiacono\arcidry01,Ryan Arcidiacono,White,PG,26,CHI,44,450,9.8,0.541,0.573,0.171,1.2,15.1,8.3,16.3,1,0,7.4,13.1,0.5,0.4,0.9,0.093,-2.7,0.2,-2.5,-0.1,4789256
19,arizatr01,Trevor Ariza\arizatr01,Trevor Ariza,Black,SF,35,MIA,30,841,11.9,0.542,0.593,0.183,3.7,15.6,9.8,9.4,1.8,2.2,7.5,15.1,0.5,1,1.6,0.091,-1.5,0.2,-1.3,0.2,2641691
20,augusdj01,D.J. Augustin\augusdj01,D.J. Augustin,Black,PG,33,TOT,57,1129,12.1,0.57,0.633,0.274,1.9,7,4.4,22.2,1.2,0.1,14.5,16.8,1.5,0.5,2.1,0.088,-0.5,-1.6,-2.1,0,7000000
21,avdijde01,Deni Avdija\avdijde01,Deni Avdija,#N/A,SF,20,WAS,54,1257,7.6,0.515,0.538,0.144,1.9,20.2,11,6.3,1.2,1,9,12,0,1.2,1.2,0.046,-3.6,-0.3,-3.9,-0.6,4692840
22,aytonde01,Deandre Ayton\aytonde01,Deandre Ayton,Black,C,22,PHO,69,2115,20.3,0.653,0.029,0.252,12.4,26.3,19.5,6.8,1,3.4,11.9,18.2,5.3,3.1,8.4,0.191,0.9,0,0.9,1.6,12632950
23,azubuud01,Udoka Azubuike\azubuud01,Udoka Azubuike,#N/A,C,21,UTA,15,57,10.3,0.597,0,1.111,7.8,16,12.1,0,0.9,5.7,18.3,12.4,0,0.1,0.1,0.119,-5.6,0.7,-4.9,0,2075880
24,bacondw01,Dwayne Bacon\bacondw01,Dwayne Bacon,Black,SG,25,ORL,72,1853,9.9,0.49,0.285,0.242,1.7,11.2,6.3,7.9,1.2,0.2,5.4,19.8,-0.3,0.9,0.5,0.013,-3.5,-1.6,-5.1,-1.4,1789256
25,baglema01,Marvin Bagley III\baglema01,Marvin Bagley III,Black,PF,21,SAC,43,1112,16.3,0.554,0.22,0.273,10.4,21.5,15.9,5.8,0.9,1.6,9.7,23.5,0.9,0.5,1.4,0.059,-0.6,-2.8,-3.4,-0.4,11312114
26,ballla01,LaMelo Ball\ballla01,LaMelo Ball,#N/A,PG,19,CHO,51,1469,17.5,0.539,0.388,0.246,4.6,17.9,11.1,33.9,2.7,1.2,16.3,26.1,1,1.9,2.8,0.093,1.2,0.6,1.9,1.4,8231760
27,balllo01,Lonzo Ball\balllo01,Lonzo Ball,Black/Mixed,PG,23,NOP,55,1747,15.2,0.551,0.65,0.091,2.1,14.3,8.2,25.4,2.3,1.7,14.5,20.5,1.5,1.7,3.2,0.089,1.4,0.2,1.6,1.6,19767442
28,bambamo01,Mo Bamba\bambamo01,Mo Bamba,Black,C,22,ORL,46,725,19.3,0.556,0.392,0.219,10.5,28,19,8.1,0.9,7.3,9.8,21.8,0.7,1.1,1.8,0.117,0.1,-0.1,0,0.4,7568742
29,banede01,Desmond Bane\banede01,Desmond Bane,#N/A,SG,22,MEM,68,1519,12.2,0.6,0.543,0.098,2.1,12.6,7.3,10.6,1.3,0.9,10.2,16.1,1.6,1.3,2.9,0.093,-0.7,-0.3,-1,0.4,2033160
30,barneha02,Harrison Barnes\barneha02,Harrison Barnes,Black,PF,28,SAC,58,2102,15.4,0.626,0.399,0.366,3.3,17.2,10.2,13,1,0.4,11.1,17.2,4,0.5,4.5,0.103,1.4,-1.6,-0.2,1,20284091
31,barrerj01,RJ Barrett\barrerj01,RJ Barrett,Black,SG,20,NYK,72,2511,13.4,0.535,0.292,0.26,3,14.8,8.9,13.8,1.1,0.8,10.5,23.4,0.9,3.1,4.1,0.078,-1,-0.5,-1.5,0.3,8623920
32,bartowi01,Will Barton\bartowi01,Will Barton,Black,SF,30,DEN,56,1736,11.8,0.538,0.423,0.199,2.6,12.2,7.4,14.1,1.4,1.3,12.7,19,0.7,1.5,2.2,0.061,-0.8,-1.2,-2,0,30264615
33,bateske01,Keita Bates-Diop\bateske01,Keita Bates-Diop,Black,SF,25,SAS,30,245,12,0.518,0.254,0.313,3.8,17.7,10.6,6.6,2.2,1.7,8.4,14.8,0.1,0.3,0.3,0.068,-2.7,0.8,-2,0,1729217
34,batumni01,Nicolas Batum\batumni01,Nicolas Batum,Black,SF,32,LAC,67,1835,12.9,0.617,0.66,0.141,3.2,15.9,9.7,10.5,1.9,1.8,10.8,11.8,2.7,2.3,5,0.132,0.5,1,1.4,1.6,12213507
35,baynear01,Aron Baynes\baynear01,Aron Baynes,White,C,34,TOR,53,980,10.5,0.503,0.339,0.135,9.4,21.7,15.3,7,0.8,2.3,12.5,16.2,0.1,0.9,1,0.049,-3.5,-1.3,-4.7,-0.7,#N/A
36,bazemke01,Kent Bazemore\bazemke01,Kent Bazemore,Black,SF,31,GSW,67,1333,10.6,0.564,0.469,0.199,2.1,16,9.1,11.1,2.4,2.2,16.1,16.3,-0.2,2.1,1.8,0.065,-2.9,1.3,-1.7,0.1,2401537
37,bazleda01,Darius Bazley\bazleda01,Darius Bazley,Black,PF,20,OKC,55,1714,9.7,0.491,0.414,0.258,3.1,21.2,12,8.9,0.8,1.3,13.7,22.1,-2.3,1.4,-0.9,-0.026,-3.1,-1.4,-4.4,-1,2513040
38,bealbr01,Bradley Beal\bealbr01,Bradley Beal,Black,SG,27,WAS,60,2147,22.7,0.593,0.27,0.332,3.6,10.4,7,21.3,1.5,0.9,10.6,34.1,4.2,1.7,5.9,0.132,4.9,-1.7,3.2,2.8,34502130
39,beaslma01,Malik Beasley\beaslma01,Malik Beasley,Black,SG,24,MIN,37,1214,14.6,0.57,0.535,0.133,2.4,12.4,7.2,11.6,1.2,0.5,8.6,24,0.9,0.4,1.3,0.053,1.7,-2.3,-0.6,0.4,14391964
40,belljo01,Jordan Bell\belljo01,Jordan Bell,#N/A,C,26,TOT,6,82,8,0.328,0.091,0.091,9.1,21.9,15.5,10.6,1.7,5.2,14.9,13.6,-0.1,0.1,0,-0.008,-5.2,-0.4,-5.6,-0.1,#N/A
41,bembrde01,DeAndre' Bembry\bembrde01,DeAndre' Bembry,Black,SF,26,TOR,51,972,11.2,0.57,0.232,0.289,3.6,13.3,8.3,15.6,2.6,1.9,21.6,14.6,0.1,1.1,1.2,0.059,-3.2,1.2,-2.1,0,1939350
42,bertada01,Davis Bertans\bertada01,Davis Bertans,White,PF,28,WAS,57,1464,11.4,0.62,0.895,0.241,1.3,10.8,6.1,4.4,1,0.7,5.9,15.9,2.1,1,3.1,0.101,0.4,-1.4,-1,0.4,16000000
43,beverpa01,Patrick Beverley\beverpa01,Patrick Beverley,Black,PG,32,LAC,37,832,12,0.58,0.641,0.205,4,11.8,8,12,1.7,3,12.4,14.6,1,1,2.1,0.119,-0.7,0.7,0,0.4,14320988
44,beysa01,Saddiq Bey\beysa01,Saddiq Bey,#N/A,SF,21,DET,70,1909,12.6,0.567,0.666,0.213,2.5,16.2,9.3,7.6,1.3,0.6,7.4,18.7,1.6,1.7,3.3,0.082,0.3,-1.1,-0.8,0.6,2824320
45,beyty01,Tyler Bey\beyty01,Tyler Bey,#N/A,SF,22,DAL,18,71,5.9,0.372,0.182,0.227,12.5,16.9,14.7,5.6,0,1.3,11,16.9,-0.1,0,0,-0.033,-5.5,-4.1,-9.6,-0.1,#N/A
46,birchkh01,Khem Birch\birchkh01,Khem Birch,Black,C,28,TOT,67,1529,15.1,0.552,0.137,0.339,11.6,15.3,13.4,8.5,1.5,3.1,9.2,13.6,2.3,1.4,3.8,0.118,-1,-0.3,-1.3,0.3,6350000
47,bitadgo01,Goga Bitadze\bitadgo01,Goga Bitadze,White,C,21,IND,45,561,16.3,0.523,0.407,0.314,11.7,17.3,14.5,8.9,0.8,8.7,7.1,18.1,0.7,0.8,1.5,0.129,-1.9,0.8,-1.2,0.1,3098400
48,biyombi01,Bismack Biyombo\biyombi01,Bismack Biyombo,Black,C,28,CHO,66,1349,11.7,0.574,0.004,0.434,10.8,17.1,13.9,8.3,0.6,5.4,19.8,11.5,0.9,1.4,2.3,0.081,-3.2,-0.1,-3.3,-0.5,#N/A
49,bjeline01,Nemanja Bjelica\bjeline01,Nemanja Bjelica,White,PF,32,TOT,37,595,12.9,0.554,0.434,0.26,5.4,18.5,11.9,16.2,1.2,0.8,13.1,18.4,0.5,0.3,0.9,0.071,-1.4,-1.1,-2.5,-0.1,2089448
50,bledser01,Eric Bledsoe\bledser01,Eric Bledsoe,Black,SG,31,NOP,71,2111,11.5,0.533,0.486,0.267,1.5,11.1,6.3,17.3,1.2,1.1,12.3,18.5,1.1,1.3,2.3,0.053,-1.1,-1.3,-2.3,-0.2,18125000
51,blevike01,Keljin Blevins\blevike01,Keljin Blevins,#N/A,SF,25,POR,17,75,-0.9,0.3,0.4,0,4.2,10.3,7.1,6.7,1.3,0,20,14.3,-0.2,0,-0.2,-0.137,-9,-3,-12,-0.2,#N/A
52,bogdabo01,Bogdan BogdanoviÛˆ\bogdabo01,Bogdan BogdanoviÛˆ,#N/A,SG,28,ATL,44,1305,17.6,0.616,0.589,0.078,1.7,11.5,6.7,17.6,1.8,0.9,8.5,21.3,2.8,1.1,3.9,0.142,3.4,0.4,3.8,1.9,18000000
53,bogdabo02,Bojan BogdanoviÛˆ\bogdabo02,Bojan BogdanoviÛˆ,#N/A,SF,31,UTA,72,2216,14,0.588,0.498,0.286,2,11.1,6.7,9.1,1,0.1,10.9,22.8,2.7,2.5,5.2,0.113,0.1,-0.9,-0.8,0.7,18700000
54,bolbo01,Bol Bol\bolbo01,Bol Bol,Black,PF,21,DEN,32,160,9.4,0.534,0.414,0.259,0,16.9,8.5,6,0.9,6.1,16.8,21.2,-0.2,0.2,0,-0.004,-3.6,-0.7,-4.4,-0.1,2161152
55,boldema01,Marques Bolden\boldema01,Marques Bolden,#N/A,C,22,CLE,6,29,13.3,0.537,0,2.667,11.3,11.9,11.6,0,3.4,6.1,23.5,12.8,0,0,0,0.063,-3.4,0.6,-2.8,0,1489065
56,bonejo01,Jordan Bone\bonejo01,Jordan Bone,Black,PG,23,ORL,14,196,8.9,0.519,0.593,0,2,11,6.4,13.6,0.5,0,5.3,12.6,0.1,0.1,0.2,0.045,-2.6,-1.6,-4.2,-0.1,#N/A
57,bongais01,Isaac Bonga\bongais01,Isaac Bonga,Black,SF,21,WAS,40,432,4,0.461,0.58,0.099,4.4,11.7,8.1,6.5,1.2,1.7,20.7,10.2,-0.4,0.4,0,-0.001,-5.6,-0.8,-6.4,-0.5,1729217
58,bookede01,Devin Booker\bookede01,Devin Booker,Black/Mixed,SG,24,PHO,67,2270,19.2,0.587,0.288,0.305,1.7,12.1,7,20.6,1.2,0.6,12.4,32.7,2.9,2,4.9,0.104,1.4,-1.5,-0.1,1.1,31610000
59,bouchch01,Chris Boucher\bouchch01,Chris Boucher,Black,C,28,TOR,60,1453,21.9,0.634,0.42,0.345,8.5,22.5,15.3,6.9,1.2,7.6,6.7,20.5,4,2.1,6.1,0.201,2.8,0.1,2.9,1.8,7009615
60,bowenbr02,Brian Bowen\bowenbr02,Brian Bowen,#N/A,SF,22,IND,6,15,1,0.338,0.25,0.25,0,21.6,10.8,0,0,0,0,12.6,0,0,0,-0.063,-8.2,-3.3,-11.5,0,1669178
61,bradlav01,Avery Bradley\bradlav01,Avery Bradley,Black,SG,30,TOT,27,602,6.3,0.487,0.591,0.088,1.4,9.1,5.2,10.8,1.7,0.5,13.6,14.9,-0.5,0.4,-0.1,-0.008,-4.9,-0.8,-5.7,-0.6,8558441
62,bradlto01,Tony Bradley\bradlto01,Tony Bradley,Black,C,23,TOT,42,684,20.7,0.678,0.015,0.279,13.3,24,18.6,8.5,1,3.9,13,15.8,1.8,1,2.7,0.192,1.1,0.1,1.2,0.6,1789256
63,brantja01,Jarrell Brantley\brantja01,Jarrell Brantley,Black,PF,24,UTA,28,138,16.6,0.605,0.538,0.038,7.2,13.3,10.4,16.1,2.5,1.2,13.1,19,0.3,0.2,0.5,0.172,0.5,1.6,2.1,0.1,#N/A
64,brazdig01,Ignas Brazdeikis\brazdig01,Ignas Brazdeikis,White,SF,22,TOT,13,249,9.5,0.51,0.337,0.169,4.5,14.7,9.4,10.5,0.8,1.1,11.9,17.6,-0.1,0.1,0.1,0.016,-3.9,-1.8,-5.7,-0.2,#N/A
65,bridgmi01,Mikal Bridges\bridgmi01,Mikal Bridges,Black,SF,24,PHO,72,2348,16.4,0.667,0.471,0.196,3.7,11.1,7.5,8.8,1.6,2.4,7.3,14.9,5.4,2.6,8,0.164,2.2,0.8,3,3,5557725
66,bridgmi02,Miles Bridges\bridgmi02,Miles Bridges,Black,PF,22,CHO,66,1932,14.7,0.625,0.466,0.182,4.5,18,11.1,11.4,1.1,2.7,13.6,17.3,2.4,1.9,4.2,0.105,0.2,0,0.2,1,5421493
67,brimaam01,Amida Brimah\brimaam01,Amida Brimah,#N/A,C,26,IND,5,29,16.6,0.697,0,0.375,7.5,22.3,15,4.8,0,14,30,19.6,0,0.1,0,0.073,-5.5,1.5,-4,0,#N/A
68,brissos01,Oshae Brissett\brissos01,Oshae Brissett,Black,SF,22,IND,21,519,17.2,0.638,0.517,0.43,6.1,17.9,12,4.6,1.7,3.1,5.3,15.6,1.2,0.6,1.8,0.165,0.9,-0.6,0.4,0.3,1701593
69,brogdma01,Malcolm Brogdon\brogdma01,Malcolm Brogdon,Black/Mixed,PG,28,IND,56,1930,17.9,0.561,0.382,0.181,3.3,13.2,8.3,25.7,1.2,0.6,9.8,25.9,2.9,1.3,4.2,0.105,2.9,-1.4,1.5,1.7,21700000
70,brookar01,Armoni Brooks\brookar01,Armoni Brooks,#N/A,SG,22,HOU,20,520,10.4,0.565,0.818,0.063,2,12.4,7,8.7,1.1,0.9,10,17.9,0.1,0.2,0.3,0.03,-1.3,-2,-3.3,-0.2,#N/A
71,brookdi01,Dillon Brooks\brookdi01,Dillon Brooks,Black/Mixed,SF,25,MEM,67,1997,12.1,0.515,0.361,0.189,2.8,7.7,5.2,11.7,1.9,1.2,9.6,26.1,-0.5,1.8,1.4,0.033,-2.6,-1.3,-3.9,-1,12200000
72,brownbr01,Bruce Brown\brownbr01,Bruce Brown,Black,PG,24,BRK,65,1451,16.1,0.604,0.139,0.277,8.9,17.2,13.3,9.8,1.9,1.7,10.2,15.9,2.8,1.5,4.4,0.144,-0.4,0.1,-0.3,0.6,4736102
73,brownch02,Charlie Brown\brownch02,Charlie Brown,#N/A,SG,23,OKC,9,152,4.1,0.422,0.488,0.233,2,9.7,5.8,8.2,1.3,1.2,11.2,14.9,-0.2,0.1,-0.1,-0.032,-7.8,-1.2,-8.9,-0.3,#N/A
74,brownja02,Jaylen Brown\brownja02,Jaylen Brown,Black,SG,24,BOS,58,1999,19.9,0.586,0.37,0.225,3.9,15.5,9.7,16.5,1.8,1.5,11.5,29.7,2.8,2,4.8,0.115,3.5,-1,2.5,2.3,24830357
75,brownmo01,Moses Brown\brownmo01,Moses Brown,Black,C,21,OKC,43,920,18.8,0.572,0,0.47,17.2,26.2,21.6,1.7,1.6,4.5,11.7,16.9,1.3,1.3,2.6,0.138,-1.2,-1.4,-2.6,-0.1,1701593
76,brownst02,Sterling Brown\brownst02,Sterling Brown,Black,SG,25,HOU,51,1229,11.1,0.597,0.642,0.093,3.2,16.8,9.7,8.4,1.5,0.9,10.5,13.5,1,0.8,1.8,0.071,-1.7,0,-1.7,0.1,3000000
77,browntr01,Troy Brown Jr.\browntr01,Troy Brown Jr.,Black,SF,21,TOT,34,524,8.5,0.525,0.486,0.146,4.2,17.4,10.8,7.2,0.9,1,12.1,14,0,0.5,0.5,0.043,-3.3,-1,-4.3,-0.3,5170564
78,brunsja01,Jalen Brunson\brunsja01,Jalen Brunson,Black,PG,24,DAL,68,1697,17.1,0.618,0.319,0.241,1.8,13.1,7.5,21.3,1,0.1,10.3,20.2,3.9,1.1,5.1,0.143,1.4,-0.9,0.5,1.1,1802057
79,bryanel01,Elijah Bryant\bryanel01,Elijah Bryant,#N/A,SG,25,MIL,1,32,10.6,0.559,0.385,0.231,6.8,12.7,9.9,12.6,0,2.8,21.8,24,0,0,0,0.008,-4.1,-3.6,-7.7,0,1489065
80,bryanth01,Thomas Bryant\bryanth01,Thomas Bryant,Black,C,23,WAS,10,271,18.7,0.704,0.231,0.264,7.1,16.8,11.9,8.2,0.7,2.5,9.8,17.2,0.7,0.2,1,0.171,2.1,-1.7,0.4,0.2,8730159
81,bullore01,Reggie Bullock\bullore01,Reggie Bullock,Black,SF,29,NYK,65,1949,11.1,0.606,0.709,0.098,0.9,11.4,6.2,7.4,1.3,0.5,7.1,14.4,2.3,2.3,4.6,0.114,-0.8,0.6,-0.1,0.9,9536000
82,burketr01,Trey Burke\burketr01,Trey Burke,#N/A,PG,28,DAL,62,911,12.6,0.544,0.465,0.161,1.2,5.3,3.3,12.9,1.9,0.7,8,20,0.7,0.7,1.4,0.071,-1.3,-0.7,-2,0,3333333
83,burksal01,Alec Burks\burksal01,Alec Burks,Black,SG,29,NYK,49,1255,14.8,0.564,0.492,0.236,1.8,17.6,9.8,13.2,1.2,1.1,8.2,21.3,1.5,1.8,3.3,0.126,0.6,0.3,0.9,0.9,9536000
84,butleji01,Jimmy Butler\butleji01,Jimmy Butler,Black,SF,31,MIA,52,1745,26.5,0.607,0.139,0.565,6.3,17.1,11.8,35.1,3.1,1.1,10.6,26.6,6.6,2.7,9.3,0.255,5.1,2.5,7.5,4.2,36016200
85,cabocbr01,Bruno Caboclo\cabocbr01,Bruno Caboclo,Black,PF,25,HOU,6,36,9,0.475,0.294,0.118,8.5,34,20.7,4.7,0,5,18.3,25.8,-0.1,0,-0.1,-0.088,-8.5,-2.1,-10.6,-0.1,#N/A
86,cacokde01,Devontae Cacok\cacokde01,Devontae Cacok,Black,PF,24,LAL,20,98,17.2,0.576,0,0.379,13.8,22.8,18.4,1.5,2.5,3.7,12.9,17.2,0.1,0.2,0.3,0.142,-1.3,0.6,-0.7,0,1669178
87,caldwke01,Kentavious Caldwell-Pope\caldwke01,Kentavious Caldwell-Pope,Black,SG,27,LAL,67,1902,10.7,0.588,0.579,0.221,1.6,8.9,5.3,9.2,1.6,1.2,10.6,14.2,1.6,2.6,4.2,0.107,-1.5,0.6,-0.9,0.6,13038862
88,campafa01,Facundo Campazzo\campafa01,Facundo Campazzo,#N/A,PG,29,DEN,65,1425,11.6,0.558,0.686,0.289,1.8,8.9,5.3,20.2,2.7,1,17.1,13.1,1.6,1.5,3.1,0.105,-1.7,1,-0.8,0.5,3804150
89,cancavl01,Vlatko ÛëanÛçar\cancavl01,Vlatko ÛëanÛçar,#N/A,PF,23,DEN,41,281,9.7,0.547,0.458,0.181,4.5,15.7,10.1,6.4,1.9,0.7,15.3,14.2,0,0.3,0.3,0.053,-2.6,-0.1,-2.7,0,1782621
90,cannade01,Devin Cannady\cannade01,Devin Cannady,#N/A,PG,24,ORL,8,74,11.2,0.547,0.571,0.25,0,7.3,3.5,2.1,3.3,1.2,6,19.3,0,0.1,0.1,0.057,-4.4,1.3,-3.1,0,1489065
91,capelca01,Clint Capela\capelca01,Clint Capela,Black,C,26,ATL,63,1898,24.3,0.601,0,0.327,17.5,34.3,26.1,4.1,1.1,6,8.4,19.9,4.9,3.3,8.2,0.207,2.7,-0.2,2.5,2.1,17103448
92,careyve01,Vernon Carey Jr.\careyve01,Vernon Carey Jr.,#N/A,C,19,CHO,19,115,11.7,0.563,0.194,0.306,5.6,20.1,12.7,2.6,0.4,4.3,10.9,17.2,0,0.1,0.2,0.066,-4.4,-1.8,-6.2,-0.1,1517981
93,cartemi01,Michael Carter-Williams\cartemi01,Michael Carter-Williams,Black/Mixed,SG,29,ORL,31,800,9.5,0.449,0.226,0.296,4.9,13.4,9,24.3,1.5,1.9,18.4,20.2,-1.1,0.6,-0.5,-0.028,-4.5,-0.1,-4.6,-0.5,3000000
94,carteje01,Jevon Carter\carteje01,Jevon Carter,Black,PG,25,PHO,60,717,12.2,0.548,0.677,0.031,2.6,11.8,7.3,13,2,1.1,6.6,15,0.7,0.8,1.6,0.104,-0.6,1.1,0.5,0.5,3833333
95,cartewe01,Wendell Carter Jr.\cartewe01,Wendell Carter Jr.,Black,C,21,TOT,54,1375,16.7,0.566,0.112,0.392,10.2,24.6,17.4,11.2,1.2,2.7,12.7,19.3,1.7,1.7,3.4,0.118,-1,-0.5,-1.5,0.1,6920027
96,carusal01,Alex Caruso\carusal01,Alex Caruso,White,PG,26,LAL,58,1216,11.1,0.547,0.449,0.249,2.9,12.8,7.9,18.1,2.6,1.1,18.3,14.8,0.3,2.1,2.4,0.095,-2.5,2.3,-0.2,0.6,8604651
97,caulewi01,Willie Cauley-Stein\caulewi01,Willie Cauley-Stein,Black,C,27,DAL,53,906,14.3,0.647,0.06,0.429,8.1,20.5,14.3,5.3,1.1,4.4,11.8,12,1.6,1.2,2.8,0.147,-2.2,0.6,-1.6,0.1,4200000
98,chiozch01,Chris Chiozza\chiozch01,Chris Chiozza,Black/Mixed,PG,25,BRK,22,232,12.9,0.461,0.477,0.193,1.5,9.5,5.7,36.9,1.5,2.3,14.4,21,0.1,0.2,0.3,0.063,-0.7,-0.9,-1.6,0,#N/A
99,chrisma01,Marquese Chriss\chrisma01,Marquese Chriss,Black,PF,23,GSW,2,27,11.8,0.412,0.357,0.286,12,38.9,25.6,11,0,6.5,11.3,28.1,-0.1,0.1,0,-0.03,-2.2,-1,-3.2,0,1789256
100,clarkga01,Gary Clark\clarkga01,Gary Clark,Black,SF-PF,26,TOT,39,654,6,0.436,0.818,0.076,5.1,13.5,9.1,6.4,1,1,11.1,10.1,-0.3,0.4,0.1,0.008,-4,-0.9,-4.9,-0.5,2100000
101,clarkbr01,Brandon Clarke\clarkbr01,Brandon Clarke,Black,PF,24,MEM,59,1415,17.3,0.56,0.156,0.228,7.2,17.5,12.3,9.5,2,3.2,5.7,17.2,2.2,2,4.2,0.142,0.3,1,1.3,1.2,2726880
102,clarkjo01,Jordan Clarkson\clarkjo01,Jordan Clarkson,Black/Mixed,SG,28,UTA,68,1818,17.1,0.549,0.557,0.134,2.9,12.7,8,15.3,1.6,0.4,9.2,29.7,1.7,2.5,4.2,0.111,1.9,-0.8,1.1,1.4,12420000
103,claxtni01,Nicolas Claxton\claxtni01,Nicolas Claxton,Black,C,21,BRK,32,594,16.9,0.612,0.034,0.441,8.4,21.8,15.4,6.4,1.9,5.9,9.4,14,1,0.9,1.9,0.153,-0.8,1.1,0.3,0.3,1782621
104,coffeam01,Amir Coffey\coffeam01,Amir Coffey,Black,SG,23,LAC,44,394,10.1,0.585,0.544,0.369,2.9,9.4,6.3,7.4,1.3,0,11.1,15.1,0.4,0.3,0.7,0.085,-2.1,-0.5,-2.6,-0.1,#N/A
105,collijo01,John Collins\collijo01,John Collins,Black,PF,23,ATL,63,1848,20.6,0.645,0.27,0.265,7.1,20.3,13.8,6.9,0.9,3,8.9,22.2,4.8,1.9,6.7,0.174,2.5,-0.4,2.1,1.9,23000000
106,conlemi01,Mike Conley\conlemi01,Mike Conley,Black,PG,33,UTA,51,1498,19.2,0.589,0.523,0.222,2.7,9.6,6.3,30.6,2.3,0.5,12.4,23.1,4,2.1,6.1,0.197,3.5,0.9,4.4,2.4,21000000
107,connapa01,Pat Connaughton\connapa01,Pat Connaughton,White,SG,28,MIL,69,1575,11.3,0.578,0.703,0.103,4.4,17.3,11.1,6.3,1.5,1.3,7.5,11.6,1.8,1.7,3.5,0.108,-0.4,0.1,-0.4,0.6,5333333
108,cookqu01,Quinn Cook\cookqu01,Quinn Cook,Black,PG,27,TOT,23,157,12.7,0.531,0.382,0.118,1.4,10.9,6.1,18.3,1.3,0.6,8.9,21.8,0.1,0.1,0.2,0.061,-1.2,-0.4,-1.5,0,1939350
109,cookty01,Tyler Cook\cookty01,Tyler Cook,#N/A,SF-PF,23,TOT,32,438,12.8,0.659,0.019,0.34,7,17.2,12.1,5.9,0.9,0.4,15.1,13.9,0.5,0.3,0.8,0.09,-2.5,-0.5,-3,-0.1,1669178
110,couside01,DeMarcus Cousins\couside01,DeMarcus Cousins,#N/A,C,30,TOT,41,713,16.4,0.537,0.443,0.266,8,32.7,20,16.3,2.3,3,15.8,24.5,0,1.2,1.2,0.079,-1.2,1.9,0.7,0.5,#N/A
111,covinro01,Robert Covington\covinro01,Robert Covington,Black,PF,30,POR,70,2243,11.2,0.553,0.699,0.122,2.8,19.8,11.1,6.8,2.2,3.4,10.7,11.5,1.4,2.4,3.7,0.08,-1.5,1.2,-0.3,1,12975471
112,craigto01,Torrey Craig\craigto01,Torrey Craig,Black,SF,30,TOT,50,803,14.2,0.579,0.467,0.097,8.1,19.1,13.7,7.9,1.7,2.9,9.6,14.3,1.1,1.1,2.2,0.133,-0.3,0.7,0.3,0.5,4878049
113,crowdja01,Jae Crowder\crowdja01,Jae Crowder,Black,PF,30,PHO,60,1648,11.8,0.574,0.772,0.152,2.2,16.9,9.7,10,1.4,1.5,9.5,15.7,1.4,1.9,3.3,0.097,0.1,0.7,0.8,1.2,9720900
114,culveja01,Jarrett Culver\culveja01,Jarrett Culver,Black,SG,21,MIN,34,499,8.8,0.476,0.315,0.286,7.1,15.8,11.3,6.8,1.6,1.6,12.9,18.2,-0.4,0.3,-0.1,-0.006,-4.8,-1.8,-6.6,-0.6,6395160
115,curryse01,Seth Curry\curryse01,Seth Curry,Black,SG,30,PHI,57,1638,12.9,0.607,0.507,0.139,0.7,8.3,4.6,13.6,1.3,0.4,10,17.1,2.3,1.7,4,0.118,-0.1,-0.8,-0.9,0.5,8186047
116,curryst01,Stephen Curry\curryst01,Stephen Curry,Black,PG,32,GSW,63,2152,26.3,0.655,0.587,0.289,1.5,15.4,8.5,30.5,1.7,0.3,12.2,34.8,6.5,2.5,9,0.201,8.1,0,8.1,5.5,45780966
117,darlina01,Nate Darling\darlina01,Nate Darling,#N/A,SG,22,CHO,7,26,8.2,0.541,1,0.429,4.1,0,2.1,5.1,0,3.8,10.7,15.4,0,0,0,0.038,-1.5,-2.7,-4.2,0,#N/A
118,davisan02,Anthony Davis\davisan02,Anthony Davis,Black,PF,27,LAL,36,1162,22.1,0.556,0.163,0.349,6,21.5,13.8,16.4,1.9,4.5,9.5,29.2,1.3,2.4,3.7,0.152,2.9,1.6,4.5,1.9,35361360
119,davised01,Ed Davis\davised01,Ed Davis,Black,C,31,MIN,23,299,13.1,0.487,0,0.273,16.1,26,20.8,9,2.1,3.8,12.4,7.9,0.5,0.4,0.8,0.135,-3.5,0.7,-2.9,-0.1,#N/A
120,daviste02,Terence Davis\daviste02,Terence Davis,Black,SG,23,TOT,61,1074,12.7,0.555,0.586,0.121,2,14.1,7.9,11.4,2,1.2,11.6,21.8,0.1,0.8,0.8,0.038,-1,-1,-2,0,4000000
121,deckga01,Gabriel Deck\deckga01,Gabriel Deck,#N/A,PF,25,OKC,10,212,16.1,0.548,0.224,0.328,7.8,11.9,9.8,17.3,1.8,0,7.3,16.6,0.4,0.1,0.5,0.12,-0.3,-0.1,-0.4,0.1,3670000
122,dedmode01,Dewayne Dedmon\dedmode01,Dewayne Dedmon,Black,C,31,MIA,16,210,24.5,0.735,0.077,0.415,15.5,31,23.4,9.6,2.1,3,14.5,19.3,0.7,0.4,1.1,0.256,1.2,0.7,1.9,0.2,5256308
123,dellama01,Matthew Dellavedova\dellama01,Matthew Dellavedova,White,PG,30,CLE,13,224,7.3,0.312,0.446,0.071,2.9,9.2,6,35.3,0.9,0.4,9.4,12.4,-0.1,0.1,0,0.005,-4.6,-2,-6.6,-0.3,#N/A
124,derozde01,DeMar DeRozan\derozde01,DeMar DeRozan,Black,PF,31,SAS,61,2056,22,0.591,0.08,0.478,2,11.6,6.7,32,1.3,0.6,9.7,26.1,5.9,1.5,7.4,0.172,3.4,-0.2,3.2,2.7,26984127
125,diakima01,Mamadi Diakite\diakima01,Mamadi Diakite,#N/A,PF,24,MIL,14,141,12.3,0.477,0.2,0.35,6.2,18.7,12.7,7,2.3,3.8,6.1,14.6,0.1,0.2,0.3,0.102,-3.2,0.4,-2.7,0,1517981
126,diallha01,Hamidou Diallo\diallha01,Hamidou Diallo,Black,SG-SF,22,TOT,52,1226,14.3,0.541,0.174,0.426,5.1,18.8,11.9,13.3,1.6,1.7,12,22.2,0.3,1.3,1.6,0.063,-2.2,-0.1,-2.3,-0.1,5200000
127,dienggo01,Gorgui Dieng\dienggo01,Gorgui Dieng,Black,C,31,TOT,38,552,19.2,0.67,0.429,0.411,7.6,19.5,13.5,12,2.3,2.6,14.3,17.4,1.3,0.8,2.1,0.185,1.6,1.3,3,0.7,4000000
128,dinwisp01,Spencer Dinwiddie\dinwisp01,Spencer Dinwiddie,Black,SG,27,BRK,3,64,10.1,0.536,0.438,0.375,0,21.3,11.2,17.6,1.5,1.4,21.2,16.1,0,0.1,0.1,0.045,-3.4,2,-1.4,0,17142857
129,divindo01,Donte DiVincenzo\divindo01,Donte DiVincenzo,White,SG,24,MIL,66,1814,13,0.542,0.574,0.118,4.9,16.7,11,14.2,1.9,0.7,12.5,16.7,1.5,2.1,3.6,0.095,-0.3,0.2,-0.1,0.9,4675830
130,doncilu01,Luka DonÛçiÛˆ\doncilu01,Luka DonÛçiÛˆ,#N/A,PG,21,DAL,66,2262,25.3,0.587,0.406,0.349,2.7,22.9,12.8,44.1,1.4,1.5,15.3,36,5.1,2.6,7.7,0.163,6.1,0.6,6.7,5,10174391
131,dortlu01,Luguentz Dort\dortlu01,Luguentz Dort,Black,SG,21,OKC,52,1543,10.1,0.513,0.515,0.257,2.5,10.3,6.4,8.8,1.4,1.1,10,21.7,-0.6,1,0.3,0.011,-2.7,-1,-3.7,-0.7,1782621
132,dotsoda01,Damyean Dotson\dotsoda01,Damyean Dotson,Black,SG,26,CLE,46,907,8.1,0.499,0.543,0.123,0.6,11.1,5.7,15.1,0.9,0.4,12,16.9,-0.4,0.3,0,-0.002,-3.3,-1.6,-4.8,-0.6,#N/A
133,dotsode01,Devon Dotson\dotsode01,Devon Dotson,#N/A,PG,21,CHI,11,50,19.3,0.548,0.333,0,4.5,6.6,5.5,21.4,3.9,0,0,18.2,0.1,0.1,0.2,0.177,-0.1,2.2,2.1,0.1,#N/A
134,doumbse01,Sekou Doumbouya\doumbse01,Sekou Doumbouya,Black,PF,20,DET,56,869,6.9,0.459,0.408,0.227,4.9,13.5,9.2,8,1.4,0.9,12.4,17.8,-0.9,0.7,-0.2,-0.012,-5.4,-1.7,-7,-1.1,0
135,doziepj01,PJ Dozier\doziepj01,PJ Dozier,Black,SG,24,DEN,50,1088,10.4,0.501,0.42,0.186,3.7,15.3,9.5,11.2,1.4,2,10.7,17.2,0.1,1.1,1.1,0.051,-2.2,-0.8,-3,-0.3,#N/A
136,dragigo01,Goran DragiÛˆ\dragigo01,Goran DragiÛˆ,#N/A,PG,34,MIA,50,1337,13,0.552,0.44,0.22,2.2,12.1,7.2,25.9,1.2,0.6,16.2,24.5,0.2,1.2,1.3,0.048,-1.2,-1.8,-3,-0.3,19440000
137,drumman01,Andre Drummond\drumman01,Andre Drummond,Black,C,27,TOT,46,1242,19.4,0.519,0.014,0.358,14.8,35.2,24.9,13.2,2.5,3.5,15.8,27.6,-0.6,2.5,2,0.077,-1.4,0.6,-0.9,0.3,2401537
138,dudleja01,Jared Dudley\dudleja01,Jared Dudley,Black/Mixed,PF,35,LAL,12,81,4.4,0.333,0.667,0,5.6,23.5,14.6,7.6,0.6,1.1,18.2,5.9,0,0.1,0.1,0.053,-4.5,-0.2,-4.7,-0.1,#N/A
139,dunnkr01,Kris Dunn\dunnkr01,Kris Dunn,Black,PG,26,ATL,4,45,-5.7,0.182,0.167,0.333,0,14.3,7.3,5.4,2.2,3.9,17.9,16.2,-0.2,0.1,-0.2,-0.202,-13.9,0,-13.9,-0.1,5005350
140,duranke01,Kevin Durant\duranke01,Kevin Durant,Black,PF,32,BRK,35,1157,26.4,0.666,0.313,0.395,1.3,21.3,11.8,27.5,1,3.4,14.5,31.2,3.7,1.2,5,0.206,6.2,0.6,6.9,2.6,40918900
141,edwaran01,Anthony Edwards\edwaran01,Anthony Edwards,#N/A,SG,19,MIN,72,2314,13.9,0.523,0.429,0.225,2.7,13.5,7.9,14.6,1.7,1.3,10.7,27,-0.6,1.4,0.8,0.017,-0.9,-1.7,-2.6,-0.3,10245480
142,edwarca01,Carsen Edwards\edwarca01,Carsen Edwards,Black,SG,22,BOS,31,276,10.2,0.527,0.568,0.117,1.2,9.4,5.2,7.4,1.2,0.3,5.7,19.3,0.1,0.2,0.3,0.051,-2.9,-1.9,-4.8,-0.2,#N/A
143,ellebcj01,CJ Elleby\ellebcj01,CJ Elleby,#N/A,SF,20,POR,30,192,9.4,0.468,0.515,0.227,6,12,8.9,7.1,1.5,1.4,6.4,17.4,0,0.1,0.1,0.032,-4.1,-1.5,-5.6,-0.2,1517981
144,ellenhe01,Henry Ellenson\ellenhe01,Henry Ellenson,#N/A,PF,24,TOR,2,38,12.8,0.476,0.643,0.286,8.4,27,17.4,18.9,0,0,0,17.9,0.1,0,0.1,0.127,-3.1,1,-2.1,0,#N/A
145,ellinwa01,Wayne Ellington\ellinwa01,Wayne Ellington,Black,SG,33,DET,46,1012,12.2,0.625,0.814,0.104,1.3,8.1,4.7,10.2,0.9,0.8,8.5,16.7,1.3,0.5,1.9,0.088,1.3,-1.7,-0.4,0.4,2641691
146,embiijo01,Joel Embiid\embiijo01,Joel Embiid,Black,C,26,PHI,51,1585,30.3,0.636,0.171,0.61,8,29.1,18.7,16.2,1.5,3.9,12.2,35.3,5.6,3.2,8.8,0.266,6.2,1,7.2,3.7,31579390
147,ennisja01,James Ennis\ennisja01,James Ennis,#N/A,SF,30,ORL,41,986,12.5,0.613,0.428,0.358,4.4,13.4,8.7,9.3,1.6,0.6,11.3,13.9,1.3,0.7,2,0.097,-1.9,-0.2,-2.1,0,#N/A
148,eubandr01,Drew Eubanks\eubandr01,Drew Eubanks,White,C,23,SAS,54,755,17.9,0.618,0.01,0.517,10.2,24,17,7.9,1.2,5.5,15.2,17.1,1.2,1.1,2.3,0.145,-1.1,1.2,0,0.4,1762796
149,exumda01,Dante Exum\exumda01,Dante Exum,Black/Mixed,SG,25,CLE,6,116,5.9,0.428,0.423,0.077,1.9,14.8,8.2,15.8,1.7,1.5,20.7,12.7,-0.2,0.1,-0.1,-0.025,-4.8,1.7,-3.1,0,2500000
150,fallta01,Tacko Fall\fallta01,Tacko Fall,Black,C,25,BOS,19,136,19.6,0.66,0,0.517,13,29.7,21.3,3.1,0.4,13.7,14.4,13.2,0.2,0.3,0.5,0.177,-1.5,2.6,1.1,0.1,1669178
151,favorde01,Derrick Favors\favorde01,Derrick Favors,Black,C,29,UTA,68,1039,19.7,0.663,0.008,0.329,14.7,23.3,19.2,6,1.5,5.3,11.5,13,2.9,2.2,5.1,0.237,0.2,1.8,2,1,9720900
152,feliccr01,Cristiano Felí_cio\feliccr01,Cristiano Felí_cio,#N/A,C,28,CHI,18,84,14.7,0.574,0.154,1.231,13.3,20.9,17.2,13.6,2.3,0,16.6,12.4,0.2,0.1,0.3,0.151,-1,0.7,-0.3,0,#N/A
153,fergute01,Terrance Ferguson\fergute01,Terrance Ferguson,Black,SG,22,PHI,13,49,-7.1,0.143,0.714,0,0,2.2,1.1,4.9,1,0,36.4,9.7,-0.2,0,-0.2,-0.161,-12.1,-2.7,-14.8,-0.2,#N/A
154,fernabr01,Bruno Fernando\fernabr01,Bruno Fernando,Black,C,22,ATL,33,226,6.2,0.475,0.045,0.5,7.9,29.4,18.9,5.8,0.9,1.2,28.1,14.4,-0.3,0.3,-0.1,-0.019,-6,-1,-7,-0.3,1782621
155,ferreyo01,Yogi Ferrell\ferreyo01,Yogi Ferrell,Black,PG,27,TOT,10,136,14.4,0.459,0.491,0.158,4.1,11.4,7.8,22.9,2.5,2,4.7,20.7,0.1,0.2,0.3,0.099,-0.8,0.2,-0.6,0,#N/A
156,finnedo01,Dorian Finney-Smith\finnedo01,Dorian Finney-Smith,Black,PF,27,DAL,60,1921,12,0.609,0.648,0.088,5.7,13,9.3,7.2,1.3,1.2,9,12.2,2.8,1.6,4.4,0.11,0.1,-0.1,-0.1,0.9,4000000
157,fittsma01,Malik Fitts\fittsma01,Malik Fitts,#N/A,PF,23,LAC,3,11,2.9,0.5,0.667,0,0,29.8,15.3,0,0,0,0,12.1,0,0,0,0.049,-9.6,-0.6,-10.2,0,1489065
158,flynnma01,Malachi Flynn\flynnma01,Malachi Flynn,#N/A,PG,22,TOR,47,928,10.9,0.484,0.494,0.165,1.1,13,6.9,21.4,2,0.8,10.5,19,0,0.8,0.8,0.041,-2.8,0,-2.8,-0.2,2048040
159,forbebr01,Bryn Forbes\forbebr01,Bryn Forbes,Black/Mixed,SG,27,MIL,70,1354,12.8,0.631,0.645,0.115,0.9,7.6,4.3,4.5,0.8,0.1,7.3,18.5,2,0.7,2.7,0.096,0.4,-1.8,-1.4,0.2,4500000
160,forretr01,Trent Forrest\forretr01,Trent Forrest,#N/A,PG,22,UTA,30,302,11.2,0.554,0.366,0.268,4,11.1,7.7,19.9,1.5,1.1,20.9,14.3,0.3,0.4,0.7,0.106,-2.9,0.7,-2.2,0,#N/A
161,fournev01,Evan Fournier\fournev01,Evan Fournier,White,SF-SG,28,TOT,42,1259,16.7,0.598,0.523,0.253,0.8,10.2,5.4,18.6,1.8,1.4,10.8,23.1,1.8,1,2.8,0.107,1.2,-0.2,1,1,18139535
162,foxde01,De'Aaron Fox\foxde01,De'Aaron Fox,Black,PG,23,SAC,58,2036,20.7,0.565,0.288,0.376,1.8,9.4,5.5,32.7,2.1,1.1,11.9,31,3.4,0.8,4.2,0.098,2.9,-1.5,1.4,1.7,28103550
163,frankro01,Robert Franks\frankro01,Robert Franks,#N/A,PF,24,ORL,7,101,16.5,0.638,0.536,0.464,6,8.5,7.2,7.4,1.4,2.7,5.6,15.3,0.3,0.1,0.3,0.158,0.4,-0.7,-0.3,0,#N/A
164,fraziti01,Tim Frazier\fraziti01,Tim Frazier,#N/A,PG,30,MEM,5,62,-0.5,0.177,0.4,0.3,0,13.8,6.8,30.8,1.5,1.5,15,18.1,-0.3,0.1,-0.2,-0.169,-10.8,-2,-12.9,-0.2,#N/A
165,fultzma01,Markelle Fultz\fultzma01,Markelle Fultz,Black,PG,22,ORL,8,215,12,0.458,0.154,0.183,2.3,10,6,33.1,1.8,0.8,13.8,26.2,-0.3,0.1,-0.1,-0.024,-2.9,-1.7,-4.6,-0.1,16500000
166,gabriwe01,Wenyen Gabriel\gabriwe01,Wenyen Gabriel,Black,PF,23,NOP,21,241,9.8,0.533,0.533,0.283,9,15.3,12.2,5.9,1.8,3.1,18.2,14.4,0,0.3,0.3,0.052,-3.2,-0.1,-3.3,-0.1,#N/A
167,gaffoda01,Daniel Gafford\gaffoda01,Daniel Gafford,Black,PF-C,22,TOT,54,791,22.2,0.697,0,0.48,12.9,18.6,15.8,5.3,1.5,8.1,13.1,16.7,2.1,1.3,3.5,0.209,0.9,1.6,2.5,0.9,1782621
168,gallida01,Danilo Gallinari\gallida01,Danilo Gallinari,White,PF,32,ATL,51,1222,16.3,0.613,0.535,0.366,1.6,17,9.5,9.2,1.2,0.7,7.2,21.2,2.7,1,3.7,0.146,1.6,-0.8,0.9,0.9,20475000
169,gallola01,Langston Galloway\gallola01,Langston Galloway,Black,SG,29,PHO,40,438,12.1,0.605,0.578,0.156,1.8,8.9,5.4,8,0.9,0,7.6,17.3,0.6,0.3,0.9,0.096,-0.2,-1.2,-1.4,0.1,#N/A
170,garlada01,Darius Garland\garlada01,Darius Garland,Black,PG,21,CLE,54,1790,14.2,0.547,0.332,0.165,1.4,6.8,4,30.9,1.8,0.3,16,24.9,0.3,0.9,1.2,0.033,0.2,-1.8,-1.6,0.1,7040880
171,gasolma01,Marc Gasol\gasolma01,Marc Gasol,White,C,36,LAL,52,993,12.2,0.606,0.629,0.258,4.3,19.9,12.2,14.7,1.3,5.2,19.7,11.8,0.8,1.9,2.8,0.133,-1.2,3.3,2.1,1,#N/A
172,gayru01,Rudy Gay\gayru01,Rudy Gay,Black,PF,34,SAS,63,1358,14.7,0.532,0.443,0.162,3.2,20.9,11.9,9.7,1.6,2.5,8.8,23.6,0,1.7,1.7,0.059,-0.1,-0.2,-0.3,0.6,5890000
173,georgpa01,Paul George\georgpa01,Paul George,Black,SF,30,LAC,54,1821,20.5,0.598,0.437,0.239,2.9,18.9,11.1,24.6,1.7,1.2,14.5,30,3,2.3,5.3,0.139,4,-0.4,3.7,2.6,39344970
174,gibsota01,Taj Gibson\gibsota01,Taj Gibson,Black,PF,35,NYK,45,936,16,0.661,0.095,0.348,11.6,17.3,14.5,5.4,1.7,5,10.8,9.7,2.1,1.7,3.8,0.195,-0.8,2.2,1.4,0.8,4910000
175,gilesha01,Harry Giles\gilesha01,Harry Giles,#N/A,C,22,POR,38,348,12.4,0.496,0.237,0.278,9.3,32.2,20.4,11.3,1.1,3.3,15.5,15.9,0.1,0.4,0.5,0.069,-3.4,-0.2,-3.6,-0.1,1789256
176,gilgesh01,Shai Gilgeous-Alexander\gilgesh01,Shai Gilgeous-Alexander,Black/Mixed,SG,22,OKC,35,1180,21.6,0.623,0.301,0.405,1.7,13.1,7.3,31.2,1.1,1.7,13.7,27.8,2.7,0.8,3.5,0.143,3.8,0,3.8,1.7,5495532
177,gillan01,Anthony Gill\gillan01,Anthony Gill,#N/A,PF,28,WAS,26,218,13.7,0.597,0.4,0.267,7.8,17,12.4,6.7,2.1,1.5,10.7,14.2,0.3,0.3,0.6,0.123,-1.4,0.2,-1.2,0,1517981
178,gillefr01,Freddie Gillespie\gillefr01,Freddie Gillespie,#N/A,PF,23,TOR,20,392,13.4,0.563,0,0.393,11.4,16,13.6,3.2,1.6,5.1,10.9,12.2,0.5,0.5,0.9,0.116,-3.1,-0.1,-3.2,-0.1,1517981
179,goberru01,Rudy Gobert\goberru01,Rudy Gobert,Black,C,28,UTA,71,2187,23.5,0.683,0.007,0.646,12.2,33.5,23.3,6,0.9,7,13.7,17,6.1,5.2,11.3,0.248,2,2.5,4.5,3.6,35344828
180,goodwbr01,Brandon Goodwin\goodwbr01,Brandon Goodwin,Black,PG,25,ATL,47,620,9.2,0.471,0.462,0.193,1.4,10.6,6.1,21.6,1.3,0,13,19.5,-0.2,0.4,0.2,0.013,-2.7,-0.8,-3.5,-0.2,#N/A
181,gordoaa01,Aaron Gordon\gordoaa01,Aaron Gordon,Black/Mixed,PF,25,TOT,50,1384,14.5,0.547,0.353,0.299,6,16.4,11.1,17.8,1.2,2.3,14.7,20.7,0.7,1.2,1.9,0.066,0.2,-0.2,0,0.7,16409091
182,gordoer01,Eric Gordon\gordoer01,Eric Gordon,Black,SG,32,HOU,27,789,14.4,0.577,0.572,0.311,1,7.1,3.9,14.6,0.8,1.5,10.9,25.2,0.6,0.2,0.8,0.048,0.9,-1.5,-0.6,0.3,18218818
183,grahade01,Devonte' Graham\grahade01,Devonte' Graham,Black,PG,25,CHO,55,1659,14.6,0.552,0.713,0.236,1.4,8.4,4.8,26.3,1.4,0.4,10.2,21.4,2.5,0.9,3.4,0.099,1.6,-1.1,0.5,1,11000000
184,grantje01,Jerami Grant\grantje01,Jerami Grant,Black,SF,26,DET,54,1829,16.9,0.556,0.353,0.368,2.1,13.2,7.6,14.3,0.9,2.8,9.1,28.5,1.6,1.6,3.2,0.083,2,-1.2,0.9,1.3,20000000
185,greenda02,Danny Green\greenda02,Danny Green,Black/Mixed,SF,33,PHI,69,1934,12.1,0.582,0.794,0.074,3.2,11.5,7.4,8.3,2.3,2.6,10.7,14,1.6,3.1,4.6,0.115,0.2,1.2,1.5,1.7,10000000
186,greendr01,Draymond Green\greendr01,Draymond Green,Black,PF,30,GSW,63,1982,13.3,0.53,0.332,0.232,3,20.9,12.1,36.4,2.5,2.3,31,13.1,1.2,3.4,4.6,0.112,-1.7,3.3,1.5,1.8,24026712
187,greenja01,JaMychal Green\greenja01,JaMychal Green,Black,PF,30,DEN,58,1120,13.6,0.59,0.529,0.152,8.6,19.4,14,6.4,1.1,1.9,11.7,17.6,1.4,1.2,2.6,0.11,-0.4,-1.6,-2,0,15852431
188,greenja02,Javonte Green\greenja02,Javonte Green,Black,SG-PG,27,TOT,41,473,12.1,0.61,0.294,0.392,6.1,10.6,8.3,4.8,2.9,1.1,13.7,12.6,0.5,0.6,1.1,0.107,-2.2,1.5,-0.8,0.2,1669178
189,greenje02,Jeff Green\greenje02,Jeff Green,Black,C,34,BRK,68,1835,13,0.624,0.472,0.304,2.2,13.1,7.9,7.8,0.9,1.3,8.2,15.6,2.9,1.2,4.1,0.107,0,-1,-1,0.5,4500000
190,greenjo02,Josh Green\greenjo02,Josh Green,#N/A,SG,20,DAL,39,445,8.8,0.49,0.269,0.247,7,12.3,9.7,8.3,1.8,0.6,14.2,11.9,0.1,0.4,0.5,0.05,-3.6,0,-3.7,-0.2,2957520
191,griffbl01,Blake Griffin\griffbl01,Blake Griffin,Black/Mixed,PF,31,TOT,46,1186,12.9,0.546,0.499,0.285,3.4,17.4,10.5,17,1.3,1.1,11.8,19.3,0.9,1.1,2,0.081,-0.6,-0.4,-1,0.3,32405817
192,guyky01,Kyle Guy\guyky01,Kyle Guy,White,PG,23,SAC,31,235,8.5,0.449,0.523,0.227,2.3,14.4,8.3,17.9,1.2,0,10.2,19.7,-0.1,0.1,-0.1,-0.015,-4,-2.3,-6.4,-0.3,1669178
193,hachiru01,Rui Hachimura\hachiru01,Rui Hachimura,Black/Asian,PF,22,WAS,57,1797,11.4,0.549,0.211,0.248,2.9,15.5,9.2,6.3,1.1,0.3,8.6,18.1,0.7,1.4,2.1,0.056,-2,-1.4,-3.5,-0.7,4916160
194,haganas01,Ashton Hagans\haganas01,Ashton Hagans,#N/A,PG,21,MIN,2,4,-12.4,,,,0,0,0,0,0,0,100,10.5,0,0,0,-0.353,-13.8,-7.9,-21.7,0,#N/A
195,halibty01,Tyrese Haliburton\halibty01,Tyrese Haliburton,#N/A,PG,20,SAC,58,1746,16.2,0.585,0.478,0.09,2.4,8.6,5.5,24.6,2.1,1.4,12.5,18.1,2.8,0.7,3.5,0.096,1.9,-0.9,1.1,1.4,4023600
196,halldo01,Donta Hall\halldo01,Donta Hall,Black,PF,23,ORL,13,179,22.3,0.731,0,0.971,13.5,22.8,18,9.4,1.4,5.1,13.8,14,0.6,0.2,0.8,0.223,0.9,1.2,2.2,0.2,#N/A
197,halljo01,Josh Hall\halljo01,Josh Hall,#N/A,SF,20,OKC,21,336,1,0.363,0.374,0.444,1.8,16.6,9.1,11.6,0.6,0.3,17.4,18.1,-1.1,0.2,-0.9,-0.126,-9.7,-2.4,-12.1,-0.9,#N/A
198,hamptrj01,R.J. Hampton\hamptrj01,R.J. Hampton,#N/A,SG-PG,19,TOT,51,888,11.1,0.507,0.278,0.262,3.4,18.4,10.7,15.2,1.2,1,13.2,19.6,-0.3,0.7,0.4,0.021,-2.9,-0.9,-3.8,-0.4,2303040
199,hardati02,Tim Hardaway Jr.\hardati02,Tim Hardaway Jr.,Black,SG,28,DAL,70,1985,15.7,0.589,0.581,0.191,1.1,11.5,6.4,9.8,0.8,0.5,6.1,23.4,3.2,1.2,4.3,0.105,1.9,-1.8,0.1,1.1,21306816
200,hardeja01,James Harden\hardeja01,James Harden,Black,PG-SG,31,TOT,44,1609,24.5,0.618,0.455,0.44,2.5,20.6,11.9,44.4,1.6,1.8,16.8,28.4,5.3,1.7,7,0.208,6.2,0.6,6.8,3.5,43848000
201,harklma01,Maurice Harkless\harklma01,Maurice Harkless,Black,PF-SF,27,TOT,37,772,8.1,0.527,0.509,0.261,1.9,11.1,6.4,7.3,1.9,2.3,10.7,11.5,0.2,0.4,0.6,0.038,-3.9,-0.2,-4,-0.4,4347600
202,harpeja01,Jared Harper\harpeja01,Jared Harper,Black,PG,23,NYK,8,16,-10.8,0.26,0.25,1,0,13.4,6.8,7.7,0,0,34.2,24.4,-0.1,0,-0.1,-0.365,-16.5,-6.2,-22.8,-0.1,#N/A
203,harremo01,Montrezl Harrell\harremo01,Montrezl Harrell,Black,C,27,LAL,69,1580,22.7,0.65,0.017,0.425,11.3,19.1,15.2,7.7,1.4,2.8,9.4,21.7,4.5,2.7,7.3,0.221,2.4,0.3,2.7,1.9,9720900
204,harriga01,Gary Harris\harriga01,Gary Harris,Black,SG,26,TOT,39,1080,9.1,0.511,0.409,0.226,2.1,5.9,4,10.3,1.3,1,8.9,16.7,0.2,0.6,0.7,0.033,-2.9,-1.8,-4.7,-0.8,20482143
205,harrija01,Jalen Harris\harrija01,Jalen Harris,#N/A,SG,22,TOR,13,172,15.2,0.632,0.5,0.125,1.9,9.9,5.8,16,2.3,0,15.6,22.6,0.1,0.1,0.3,0.079,0.4,0.1,0.6,0.1,#N/A
206,harrijo01,Joe Harris\harrijo01,Joe Harris,White,SF,29,BRK,69,2141,14.1,0.663,0.628,0.089,2.3,10.1,6.4,8.4,1,0.6,7.8,16.2,4.1,1.1,5.2,0.117,1.7,-1.5,0.2,1.2,17357143
207,harrito02,Tobias Harris\harrito02,Tobias Harris,Black,PF,28,PHI,62,2014,20,0.597,0.225,0.221,3.5,19.2,11.5,17.6,1.3,2.3,9.5,23.9,4.1,3.1,7.1,0.17,2.8,0.5,3.4,2.7,36000000
208,harrish01,Shaquille Harrison\harrish01,Shaquille Harrison,Black,SG,27,TOT,34,333,6.8,0.416,0.205,0.282,2.4,13.7,8.1,9.5,2.5,1.5,11.1,12.9,-0.2,0.4,0.2,0.03,-5.9,1.3,-4.6,-0.2,1789256
209,hartjo01,Josh Hart\hartjo01,Josh Hart,Black,SF,25,NOP,47,1349,12.2,0.566,0.561,0.259,4.3,26.1,15.2,10.6,1.4,0.8,11.3,13.5,1.4,1.3,2.7,0.097,-1.1,0,-1.1,0.3,12000000
210,harteis01,Isaiah Hartenstein\harteis01,Isaiah Hartenstein,Mixed,C,22,TOT,46,559,17.9,0.583,0.035,0.415,13,23.7,18.2,15.3,1.7,6.5,17.9,19.2,0.7,0.9,1.6,0.134,-2.5,1.1,-1.4,0.1,3430810
211,hasleud01,Udonis Haslem\hasleud01,Udonis Haslem,Black,C,40,MIA,1,3,54.6,1,0,0,0,37.5,19.1,0,0,0,0,30.1,0,0,0,0.475,24.1,7,31.1,0,2641691
212,hayesja02,Jaxson Hayes\hayesja02,Jaxson Hayes,Black/Mixed,C,20,NOP,60,964,19.1,0.675,0.05,0.429,10.4,18.6,14.5,5.2,1.2,3.7,10.5,16.2,2.6,1,3.5,0.176,0.6,-0.1,0.5,0.6,5348280
213,hayeski01,Killian Hayes\hayeski01,Killian Hayes,#N/A,PG,19,DET,26,670,5.3,0.422,0.358,0.085,1,10.6,5.7,29.7,2,1.3,28.5,19,-1.8,0.6,-1.1,-0.081,-6.3,-1,-7.3,-0.9,5572680
214,haywago01,Gordon Hayward\haywago01,Gordon Hayward,White,SF,30,CHO,44,1496,17.6,0.584,0.312,0.281,2.6,16.3,9.3,19.5,1.7,0.9,11,23.9,2.2,1.4,3.5,0.114,1.9,-0.5,1.4,1.3,29900000
215,hernaju01,Juan Hernangí_mez\hernaju01,Juan Hernangí_mez,#N/A,PF,25,MIN,52,900,12.1,0.549,0.562,0.324,5.2,20,12.3,5.6,1,0.7,7.3,17.2,0.6,0.5,1.1,0.06,-1.3,-2.1,-3.3,-0.3,7012440
216,hernawi01,Willy Hernangí_mez\hernawi01,Willy Hernangí_mez,#N/A,C,26,NOP,47,846,19.6,0.591,0.037,0.347,15,27.8,21.4,8.5,1.2,2.6,9.9,17,1.9,1,2.9,0.163,1.1,-1.1,-0.1,0.4,2327220
217,herroty01,Tyler Herro\herroty01,Tyler Herro,White,SG,21,MIA,54,1635,13.3,0.543,0.425,0.167,1.8,16.7,9.4,18,1.1,1.1,11.9,23.5,0.1,1.6,1.7,0.049,-0.5,-1.1,-1.6,0.2,4004280
218,hieldbu01,Buddy Hield\hieldbu01,Buddy Hield,Black,SG,28,SAC,71,2433,12.8,0.567,0.727,0.105,1.3,14.1,7.6,14.7,1.2,1,11.1,20.7,1.5,0.7,2.2,0.044,0.8,-1.6,-0.8,0.7,22477273
219,hillge01,George Hill\hillge01,George Hill,Black,PG,34,TOT,30,672,13.1,0.596,0.406,0.254,2.6,7.2,4.9,16,1.6,0.7,12.4,15.9,0.9,0.6,1.4,0.1,-0.9,-0.5,-1.4,0.1,4000000
220,hillso01,Solomon Hill\hillso01,Solomon Hill,Black,PF,29,ATL,71,1513,6.7,0.498,0.711,0.154,3.1,12.2,7.7,6.4,1.6,0.6,11.7,10.4,0.1,1.2,1.3,0.04,-3,0.2,-2.8,-0.3,2389641
221,hintona01,Nate Hinton\hintona01,Nate Hinton,#N/A,SG,21,DAL,21,93,10.4,0.442,0.452,0.238,1.2,9.4,5.3,12.4,3.7,2,9.7,24.4,-0.2,0.1,0,-0.015,-4.6,0.4,-4.2,-0.1,1489065
222,hoardja01,Jaylen Hoard\hoardja01,Jaylen Hoard,Black,SF,21,OKC,19,320,13.4,0.547,0.125,0.466,6.7,14.5,10.6,11.2,1.9,1.4,13.8,16.3,0.2,0.3,0.5,0.07,-2.4,-0.2,-2.6,-0.1,#N/A
223,holidaa01,Aaron Holiday\holidaa01,Aaron Holiday,Black,PG,24,IND,66,1176,9.2,0.503,0.417,0.19,1.4,6.8,4.1,14,1.8,0.9,12.3,19.5,-0.6,0.8,0.2,0.009,-3.2,-1,-4.1,-0.6,3980551
224,holidjr01,Jrue Holiday\holidjr01,Jrue Holiday,Black,PG,30,MIL,59,1907,20,0.592,0.344,0.165,4.2,10.4,7.4,26.3,2.4,1.7,12.6,22.2,4.3,2.2,6.6,0.165,2.8,0.7,3.5,2.6,30133333
225,holidju01,Justin Holiday\holidju01,Justin Holiday,Black,SG,31,IND,72,2183,10.4,0.571,0.725,0.136,1.6,11.1,6.4,7,1.6,1.5,7.5,14,1.4,1.8,3.1,0.069,-0.7,-0.4,-1.1,0.5,6006420
226,holliro01,Rondae Hollis-Jefferson\holliro01,Rondae Hollis-Jefferson,Black,PF,26,POR,11,107,14.4,0.539,0.056,0.889,10.7,15.4,13,15.7,0.9,3.4,7.4,10.9,0.3,0.1,0.3,0.147,-1.4,0.8,-0.6,0,#N/A
227,holmeri01,Richaun Holmes\holmeri01,Richaun Holmes,Black,C,27,SAC,61,1782,20.2,0.669,0.019,0.296,8.8,22.7,15.7,8.3,1.1,4.6,10.3,17.5,4.7,1.4,6.1,0.165,0.6,-0.3,0.3,1,10384500
228,hoodro01,Rodney Hood\hoodro01,Rodney Hood,Black,SF,28,TOT,55,942,5.6,0.452,0.435,0.108,2.6,9.4,5.9,7.5,1.2,0.7,11.7,14.1,-0.7,0.3,-0.4,-0.019,-5.3,-1.8,-7.1,-1.2,2239544
229,horfoal01,Al Horford\horfoal01,Al Horford,Black,C,34,OKC,28,782,17.4,0.538,0.422,0.061,3.8,21.4,12.5,20.1,1.5,2.9,7.3,21.6,0.8,0.9,1.6,0.101,1.9,1.4,3.3,1,27000000
230,hortota01,Talen Horton-Tucker\hortota01,Talen Horton-Tucker,Black,SG,20,LAL,65,1304,12.9,0.536,0.268,0.264,2.2,12.3,7.3,20.8,2.4,1.4,16.1,21.7,-0.1,2.2,2.1,0.078,-2.5,1.3,-1.2,0.3,9500000
231,houseda01,Danuel House\houseda01,Danuel House,#N/A,SF,27,HOU,36,932,9.1,0.525,0.574,0.232,2,13.6,7.5,10.6,1,1.5,10.7,15.3,0,0.5,0.5,0.026,-2.7,-0.5,-3.1,-0.3,3894000
232,howardw01,Dwight Howard\howardw01,Dwight Howard,Black,C,35,PHI,69,1196,17.8,0.61,0.066,0.693,17.8,35.3,26.7,7.2,1.2,4.7,22.1,18.2,1.3,2.6,4,0.159,-2.2,0.3,-1.9,0,2641691
233,howarma02,Markus Howard\howarma02,Markus Howard,#N/A,SG,21,DEN,37,205,6.4,0.477,0.613,0.085,0.6,11,5.8,12.6,1,0.5,14.1,27.2,-0.4,0.1,-0.3,-0.068,-5.9,-3.1,-9,-0.4,#N/A
234,huertke01,Kevin Huerter\huertke01,Kevin Huerter,White,SG,22,ATL,69,2126,12.2,0.541,0.528,0.088,2,9.7,6,16.3,1.9,0.7,9.4,17.2,1.9,1.7,3.6,0.08,-0.7,0.1,-0.6,0.8,4253357
235,hugheel01,Elijah Hughes\hugheel01,Elijah Hughes,#N/A,SF,22,UTA,18,64,8.4,0.488,0.767,0.133,1.7,12.7,7.5,13.4,0.8,1.3,15.9,25.4,-0.1,0.1,0,-0.013,-1.8,-1.9,-3.7,0,1517981
236,huntede01,De'Andre Hunter\huntede01,De'Andre Hunter,Black,SF,23,ATL,23,678,15.7,0.603,0.383,0.343,2.8,14.7,8.9,9.7,1.4,1.6,9.2,20.2,1.2,0.6,1.7,0.123,0.8,-0.1,0.8,0.5,7775400
237,hutchch01,Chandler Hutchison\hutchch01,Chandler Hutchison,Black,SF,24,TOT,25,346,6.8,0.469,0.214,0.243,1.9,22.2,12.1,6.3,1.6,1.2,14.9,16.2,-0.5,0.4,-0.1,-0.007,-5.9,-0.2,-6.1,-0.4,0
238,ibakase01,Serge Ibaka\ibakase01,Serge Ibaka,Black,C,31,LAC,41,955,18.2,0.585,0.315,0.145,8.9,23.1,16.2,11.5,0.5,4.4,10.2,20.1,1.7,1.3,3,0.15,1.3,-0.5,0.8,0.7,9742000
239,iguodan01,Andre Iguodala\iguodan01,Andre Iguodala,Black,SF,37,MIA,63,1339,9.2,0.519,0.734,0.153,3.3,15.4,9.4,14.3,2.1,2.7,20.2,11.2,-0.1,1.8,1.7,0.062,-2.5,1.8,-0.7,0.4,17641691
240,ilyaser01,Ersan ÛÁlyasova\ilyaser01,Ersan ÛÁlyasova,#N/A,PF,33,UTA,17,148,12.1,0.578,0.759,0.093,5.3,15.1,10.4,3.8,3.3,1.6,12.5,18.7,0.1,0.3,0.4,0.122,-2.7,1.5,-1.2,0,#N/A
241,inglejo01,Joe Ingles\inglejo01,Joe Ingles,White,SF,33,UTA,67,1867,15.9,0.672,0.722,0.16,1.6,11.8,6.9,24,1.2,0.5,16.3,16.6,4.7,2.3,7,0.18,2.7,0.7,3.4,2.5,14000000
242,ingrabr01,Brandon Ingram\ingrabr01,Brandon Ingram,Black,SF,23,NOP,61,2093,19.2,0.584,0.341,0.291,1.8,13.7,7.8,22.4,1,1.6,11,28,3.9,1.3,5.3,0.12,3.6,-1.4,2.2,2.2,29467800
243,irvinky01,Kyrie Irving\irvinky01,Kyrie Irving,Black,PG,28,BRK,54,1886,24.4,0.614,0.348,0.201,3.2,11.4,7.5,28.6,1.9,1.7,9.9,30.4,5.8,1.6,7.4,0.189,5.7,-0.4,5.3,3.5,34916200
244,iwundwe01,Wesley Iwundu\iwundwe01,Wesley Iwundu,#N/A,SF,26,TOT,41,539,4.3,0.428,0.402,0.304,3,15.2,9.1,4.2,1.4,0.7,14.1,10.8,-0.5,0.4,0,-0.003,-6.1,-0.4,-6.6,-0.6,1824003
245,jacksfr01,Frank Jackson\jacksfr01,Frank Jackson,Black/Mixed,PG,22,DET,40,738,13.3,0.598,0.512,0.256,2.2,10.8,6.5,7.9,1,0.1,9.4,21.3,0.7,0.4,1.2,0.076,-0.4,-1.6,-2.1,0,3000000
246,jacksja02,Jaren Jackson Jr.\jacksja02,Jaren Jackson Jr.,Black,C,21,MEM,11,258,18,0.551,0.48,0.336,6.9,18.7,12.7,6.8,2.2,6.3,9.5,25.9,0.2,0.5,0.7,0.123,-0.7,0.6,-0.1,0.1,9180560
247,jacksjo02,Josh Jackson\jacksjo02,Josh Jackson,Black,SG,23,DET,62,1560,12,0.516,0.364,0.308,4,14.2,9.1,15.1,1.7,2.6,15,26.5,-1.6,1.7,0.1,0.004,-2.4,-0.8,-3.3,-0.5,5005350
248,jacksju01,Justin Jackson\jacksju01,Justin Jackson,Black/Mixed,SF,25,TOT,34,577,10.4,0.516,0.529,0.167,2.9,11.1,6.9,13.9,1.2,0.3,11.9,19.8,-0.1,0.3,0.2,0.018,-2.1,-1.1,-3.2,-0.2,#N/A
249,jacksre01,Reggie Jackson\jacksre01,Reggie Jackson,Black,SG,30,LAC,67,1544,14.2,0.576,0.482,0.14,1.8,11.9,7,19,1.3,0.4,10.6,19.9,2.3,1.4,3.7,0.115,0.5,-0.5,0.1,0.8,10384500
250,jamesju01,Justin James\jamesju01,Justin James,Black/Mixed,SF,24,SAC,36,310,11.3,0.548,0.342,0.324,3.2,7.6,5.4,9.9,1.2,0.8,10.6,19.7,0.1,0,0.1,0.02,-2.2,-2.3,-4.5,-0.2,#N/A
251,jamesle01,LeBron James\jamesle01,LeBron James,Black,PG,36,LAL,45,1504,24.2,0.602,0.346,0.31,2.2,23.6,12.9,41.8,1.6,1.5,15.2,31.9,3,2.6,5.6,0.179,5.9,1.6,7.5,3.6,41180544
252,jamesmi02,Mike James\jamesmi02,Mike James,#N/A,PG,30,BRK,13,236,11.9,0.481,0.337,0.293,1.5,12.9,7.5,30.6,1.2,0.4,16.1,22.9,0,0.1,0.1,0.028,-2.3,-2.2,-4.5,-0.2,#N/A
253,jeffrda01,DaQuan Jeffries\jeffrda01,DaQuan Jeffries,Black,SG,23,TOT,31,493,7.9,0.514,0.558,0.067,4.1,11.8,7.8,6.1,1.4,1.8,10.2,11.9,0,0.2,0.3,0.027,-3.8,-1.2,-5,-0.4,3370771
254,jeromty01,Ty Jerome\jeromty01,Ty Jerome,Mixed,SG,23,OKC,33,788,13.4,0.585,0.585,0.118,1.3,10.8,6,23.7,1.2,0.7,13.5,18.8,0.9,0.4,1.3,0.079,0.1,-0.4,-0.3,0.3,2412840
255,joeis01,Isaiah Joe\joeis01,Isaiah Joe,#N/A,SG,21,PHI,41,383,9.5,0.533,0.797,0.18,1.8,8.5,5.2,7.2,1.5,0.9,7.1,17.4,0.2,0.4,0.6,0.078,-2.2,-1.3,-3.5,-0.1,1517981
256,johnsal02,Alize Johnson\johnsal02,Alize Johnson,Black,PF,24,BRK,18,189,23.5,0.638,0.088,0.191,16.6,35,26.3,10.9,1.3,2.3,10.9,19.1,0.6,0.3,0.9,0.227,2.4,0.2,2.6,0.2,1729217
257,johnsca02,Cameron Johnson\johnsca02,Cameron Johnson,Black/Mixed,PF,24,PHO,60,1437,11.8,0.563,0.694,0.122,2.6,12.9,7.9,8,1.3,1,7.3,17,1.2,1.4,2.6,0.086,0,-0.6,-0.6,0.5,4437000
258,johnsja01,James Johnson\johnsja01,James Johnson,Black,PF,33,TOT,51,1043,11.4,0.51,0.367,0.232,3.4,15.1,9.3,12.9,2,3.8,13.2,17.1,-0.1,1.3,1.2,0.055,-2.6,1.1,-1.5,0.1,2641691
259,johnske04,Keldon Johnson\johnske04,Keldon Johnson,Black,SF,21,SAS,69,1968,13.8,0.557,0.257,0.278,4.9,17.6,11.1,8.9,1,1,9,19.2,1.6,1.7,3.3,0.079,-0.8,-1.1,-1.9,0,2145720
260,johnsst04,Stanley Johnson\johnsst04,Stanley Johnson,Black,PF,24,TOR,61,1006,8.8,0.519,0.588,0.236,3.1,14.1,8.4,12,2.5,1.8,17.4,13.4,-0.1,1.1,1,0.048,-3.6,1,-2.6,-0.1,2089448
261,johnsty01,Tyler Johnson\johnsty01,Tyler Johnson,#N/A,SG,28,BRK,39,684,8.2,0.546,0.721,0.115,1,10.9,6.2,8.7,1,0,8.1,13.3,0.4,0.3,0.7,0.049,-2.5,-1.3,-3.8,-0.3,#N/A
262,jokicni01,Nikola JokiÛˆ\jokicni01,Nikola JokiÛˆ,White,C,25,DEN,72,2488,31.3,0.647,0.183,0.305,9.4,26.1,17.8,40.4,1.9,1.9,13.1,29.6,12.2,3.4,15.6,0.301,9.2,2.5,11.7,8.6,30510423
263,jonesda03,Damian Jones\jonesda03,Damian Jones,Black,C,25,TOT,39,547,14.6,0.712,0.049,0.563,7.3,17.4,12.3,7,1,4.6,16.8,12.3,1,0.5,1.6,0.138,-2.2,0.9,-1.4,0.1,1977011
264,jonesde02,Derrick Jones Jr.\jonesde02,Derrick Jones Jr.,Black,SF,23,POR,58,1318,11.9,0.576,0.447,0.299,6.1,10.7,8.3,4.8,1.4,3.7,8.5,12.3,1.6,0.8,2.4,0.089,-1.6,-0.3,-1.9,0.1,9731707
265,jonesma05,Mason Jones\jonesma05,Mason Jones,#N/A,SG,22,TOT,32,334,12.1,0.556,0.537,0.52,2.2,16,8.8,18.9,1,0.3,16.1,23,0,0.2,0.2,0.028,-1.2,-1.2,-2.4,0,#N/A
266,jonestr01,Tre Jones\jonestr01,Tre Jones,#N/A,PG,21,SAS,37,269,12.1,0.544,0.064,0.244,3.1,5.2,4.2,20,1.4,0,13.1,16.1,0.2,0.1,0.4,0.066,-2.2,-1.2,-3.4,-0.1,1517981
267,jonesty01,Tyus Jones\jonesty01,Tyus Jones,Black/Mixed,PG,24,MEM,70,1222,15,0.511,0.339,0.109,1.8,10.4,6.1,28.6,2.5,0.4,10,16.6,1.5,1.3,2.8,0.11,-0.2,0.6,0.4,0.8,7522200
268,jordade01,DeAndre Jordan\jordade01,DeAndre Jordan,Black,C,32,BRK,57,1246,17.1,0.736,0.004,0.369,10.9,26.1,18.9,10.1,0.7,4.6,22.7,13.1,2.4,1.5,3.9,0.152,0,0.7,0.7,0.8,2641691
269,josepco01,Cory Joseph\josepco01,Cory Joseph,Black,PG,29,TOT,63,1446,12.5,0.556,0.31,0.207,2.7,9.7,6.1,21.4,2,1.1,14.5,16.3,1.3,0.8,2.1,0.069,-1.9,-0.3,-2.1,-0.1,4910000
270,kabenmf01,Mfiondu Kabengele\kabenmf01,Mfiondu Kabengele,Black,PF,23,TOT,39,280,9.5,0.486,0.562,0.225,4.7,19.4,12,8.7,1.4,4.1,13.3,17.7,-0.2,0.3,0.2,0.026,-4.5,0,-4.5,-0.2,#N/A
271,kaminfr01,Frank Kaminsky\kaminfr01,Frank Kaminsky,White,C,27,PHO,47,715,15.8,0.547,0.331,0.233,5.8,23.7,14.9,15.3,1,2.1,7.2,19,1.1,0.9,2,0.133,0.3,0.8,1.1,0.6,2089448
272,kanteen01,Enes Kanter\kanteen01,Enes Kanter,White,C,28,POR,72,1758,22.4,0.636,0.007,0.292,16.8,31.9,24.2,7.2,0.9,2.4,11,17.4,5.7,1.7,7.5,0.204,2,-1.8,0.2,1,2641691
273,kennalu01,Luke Kennard\kennalu01,Luke Kennard,White,SG,24,LAC,63,1232,12.7,0.608,0.541,0.075,1.4,13,7.3,11.9,0.9,0.7,10.1,17.1,1.6,1.1,2.7,0.105,0.3,-1,-0.6,0.4,12727273
274,kinglo02,Louis King\kinglo02,Louis King,Black,SF,21,SAC,6,85,21.2,0.6,0.324,0.176,6.4,17.2,11.8,15.4,4,3,9.8,20.6,0.2,0.1,0.3,0.16,2.3,2.7,5,0.2,#N/A
275,klebima01,Maxi Kleber\klebima01,Maxi Kleber,White,PF,29,DAL,50,1341,10.6,0.606,0.771,0.135,3.9,17.4,10.7,6.6,0.9,2.4,9.3,10.6,1.6,1.3,2.9,0.103,-0.6,0,-0.7,0.5,8750000
276,knighna01,Nathan Knight\knighna01,Nathan Knight,#N/A,PF,23,ATL,33,279,13.9,0.499,0.33,0.55,10.8,17.3,14.1,4,1.6,3.2,10.8,21.7,0.1,0.3,0.4,0.07,-2.2,-1.5,-3.8,-0.1,#N/A
277,knoxke01,Kevin Knox\knoxke01,Kevin Knox,#N/A,SF,21,NYK,42,464,9.1,0.537,0.622,0.14,2.4,11.8,7.1,5.9,1.3,1.2,10.1,16.2,0,0.6,0.6,0.065,-1.5,-0.2,-1.7,0,5845978
278,konchjo01,John Konchar\konchjo01,John Konchar,White,SG,24,MEM,43,575,14.8,0.608,0.406,0.217,6.4,17.3,11.8,10.7,2.5,1.4,10.6,12.4,0.9,0.8,1.7,0.145,-0.4,1.3,0.9,0.4,2197674
279,korkmfu01,Furkan Korkmaz\korkmfu01,Furkan Korkmaz,White,SG,23,PHI,55,1062,12.8,0.544,0.634,0.193,1.8,9.8,5.9,11.1,2.2,0.8,9.1,20.5,0.6,1.5,2,0.092,-0.3,0.1,-0.3,0.5,4629630
280,kornelu01,Luke Kornet\kornelu01,Luke Kornet,White,C-PF,25,TOT,31,348,13.3,0.511,0.584,0.059,4.4,17,10.7,9.5,0.6,8.5,6.3,13.7,0.2,0.5,0.7,0.095,-0.7,1.3,0.6,0.2,#N/A
281,kurucro01,Rodions Kurucs\kurucro01,Rodions Kurucs,White,SF-PF,22,TOT,21,125,6.3,0.459,0.656,0.125,4.3,15.4,9.8,10.3,3.4,2.9,27.8,15.9,-0.3,0.2,-0.1,-0.041,-7,2.5,-4.6,-0.1,#N/A
282,kuzmaky01,Kyle Kuzma\kuzmaky01,Kyle Kuzma,Black/Mixed,SF,25,LAL,68,1954,12.7,0.546,0.502,0.128,6.3,17.7,12,9.8,0.9,1.9,12.4,20.3,0.4,2.9,3.3,0.08,-0.3,-0.4,-0.7,0.6,13000000
283,lamban01,Anthony Lamb\lamban01,Anthony Lamb,#N/A,SF,23,HOU,24,415,8.7,0.523,0.602,0.178,6.7,11.5,9,7.9,0.7,1.1,13,15,0.1,0.1,0.2,0.023,-3.5,-2.3,-5.8,-0.4,#N/A
284,lambje01,Jeremy Lamb\lambje01,Jeremy Lamb,Black,SG,28,IND,36,765,15.8,0.587,0.464,0.272,3.6,14.9,9.3,9.4,2.1,2.4,6.6,18.4,1.2,0.9,2.1,0.132,0.9,0.4,1.3,0.6,10500000
285,langfro01,Romeo Langford\langfro01,Romeo Langford,Black,SG,21,BOS,18,283,5.1,0.436,0.305,0.203,4.7,9.1,6.9,5.9,1,1.7,13.5,11.3,-0.2,0.2,0,0.003,-4.9,0,-5,-0.2,3804360
286,lavinza01,Zach LaVine\lavinza01,Zach LaVine,Black/Mixed,SG,25,CHI,58,2034,21.5,0.634,0.425,0.265,2,13.6,7.9,23.4,1.1,1.2,13.9,31,4,1.8,5.9,0.138,4.8,-1.1,3.7,2.9,19500000
287,laymaja01,Jake Layman\laymaja01,Jake Layman,White,SF,26,MIN,45,627,11.4,0.577,0.424,0.201,2.2,9.7,5.8,6.4,2.2,2.6,11.5,15.1,0.2,0.5,0.7,0.051,-2.6,-0.1,-2.7,-0.1,3940184
288,leaftj01,T.J. Leaf\leaftj01,T.J. Leaf,#N/A,PF,23,POR,7,35,11.2,0.551,0,0.2,0,15.7,7.6,4,2.8,2.6,15.5,15.8,0,0,0,0.022,-4.3,1.2,-3.2,0,#N/A
289,lecquja01,Jalen Lecque\lecquja01,Jalen Lecque,Black,PG,20,IND,4,12,4.7,0.242,0.111,0.333,18.2,27,22.6,20.6,0,0,0,36.6,-0.1,0,-0.1,-0.232,-6.3,-6.8,-13.1,0,#N/A
290,leeda03,Damion Lee\leeda03,Damion Lee,Black,SG,28,GSW,57,1079,11.8,0.636,0.708,0.161,2.2,15.4,8.9,9.1,1.7,0.7,9.3,12.8,1.4,1.3,2.7,0.119,-0.8,0.5,-0.3,0.5,1910860
291,leesa01,Saben Lee\leesa01,Saben Lee,#N/A,PG,21,DET,48,781,13.8,0.536,0.11,0.424,2.8,11.1,6.9,33.2,2,1.5,18.1,17,0.7,0.8,1.5,0.091,-2.2,0.3,-1.9,0,1489065
292,lenal01,Alex Len\lenal01,Alex Len,White,C,27,TOT,64,979,16.4,0.643,0.09,0.417,8.5,19.7,14.1,7,0.9,5.6,14.3,16.3,1.5,1.3,2.7,0.133,-1.2,0.6,-0.6,0.3,3731707
293,leonaka01,Kawhi Leonard\leonaka01,Kawhi Leonard,Black,SF,29,LAC,52,1773,26,0.622,0.28,0.325,3.6,17.4,10.7,24.9,2.3,1.1,9.2,28.6,6.4,2.4,8.8,0.238,5.7,1,6.7,3.9,39344900
294,leoname01,Meyers Leonard\leoname01,Meyers Leonard,White,C,28,MIA,3,29,6.6,0.635,1,0.286,0,27.1,13.8,9.7,0,0,20.2,15.4,0,0,0,0.038,-3.5,-0.9,-4.4,0,#N/A
295,leverca01,Caris LeVert\leverca01,Caris LeVert,Black,SG,26,TOT,47,1486,17.8,0.531,0.317,0.221,2.5,13.1,7.8,25.4,2.1,1.7,10.2,28.7,0.9,1.5,2.4,0.077,0.3,-0.4,-0.1,0.7,17500000
296,lewiski01,Kira Lewis Jr.\lewiski01,Kira Lewis Jr.,#N/A,PG,19,NOP,54,904,10.3,0.477,0.356,0.151,1.4,7.1,4.3,18.7,2,1,8.6,18.3,0.2,0.6,0.9,0.045,-3.2,-0.5,-3.8,-0.4,3822240
297,lillada01,Damian Lillard\lillada01,Damian Lillard,Black,PG,30,POR,67,2398,25.6,0.623,0.528,0.363,1.4,11.5,6.3,34.6,1.3,0.6,11.6,31.4,9.6,0.8,10.4,0.209,7.4,-1.6,5.9,4.8,43750000
298,littlna01,Nassir Little\littlna01,Nassir Little,Black,PF,20,POR,48,640,11.6,0.589,0.479,0.269,5.2,16.5,10.7,4.9,0.4,1.8,8.8,13.8,0.9,0.2,1.1,0.082,-1.1,-2,-3.1,-0.2,2316240
299,looneke01,Kevon Looney\looneke01,Kevon Looney,Black,C,24,GSW,61,1161,11.9,0.575,0.086,0.244,10.9,18.6,14.8,13.4,0.8,1.7,14.5,9.4,2,1.4,3.4,0.139,-1.9,0.5,-1.5,0.2,5178572
300,lopezbr01,Brook Lopez\lopezbr01,Brook Lopez,Black/Mixed,C,32,MIL,70,1902,15.4,0.611,0.439,0.222,6,13,9.6,3.5,1,4.8,8.3,16.9,3.1,2.2,5.3,0.133,0.1,-0.1,0,1,13302325
301,lopezro01,Robin Lopez\lopezro01,Robin Lopez,Black/Mixed,C,32,WAS,71,1354,16.7,0.661,0.042,0.322,11.1,10.2,10.6,5.9,0.5,2.7,13.4,17.1,2.8,0.9,3.7,0.131,0.3,-1.4,-1.1,0.3,5000000
302,louzama01,Didi Louzada\louzama01,Didi Louzada,#N/A,SF,21,NOP,3,56,-0.9,0.308,0.615,0,1.9,3.9,2.9,6.5,1.7,0,18.8,12,-0.1,0,-0.1,-0.099,-8.2,-1.6,-9.8,-0.1,3304859
303,loveke01,Kevin Love\loveke01,Kevin Love,White,PF,32,CLE,25,622,15.1,0.556,0.619,0.202,3,31.2,16.7,16,1.3,0.3,12.2,21.9,0.3,0.6,0.9,0.073,0.8,-0.8,0,0.3,31300000
304,lowryky01,Kyle Lowry\lowryky01,Kyle Lowry,Black,PG,34,TOR,46,1601,16.5,0.593,0.555,0.268,2.3,15.1,8.5,31.8,1.4,0.9,15.9,21.4,2.9,1.3,4.1,0.124,1.9,-0.7,1.2,1.3,26984128
305,luwawti01,Timothí© Luwawu-Cabarrot\luwawti01,Timothí© Luwawu-Cabarrot,#N/A,SF,25,BRK,58,1050,7.8,0.493,0.671,0.121,3.1,10.1,6.8,8.6,1.5,0.5,10.3,17.4,-0.3,0.7,0.3,0.015,-3.2,-1.7,-4.9,-0.8,1939350
306,lylestr01,Trey Lyles\lylestr01,Trey Lyles,Black/Mixed,PF,25,SAS,23,358,11.4,0.574,0.444,0.256,2.6,23.3,12.8,5.3,0.8,0.2,5.7,12.9,0.3,0.3,0.6,0.085,-1.2,-0.7,-1.9,0,2500000
307,magnawi01,Will Magnay\magnawi01,Will Magnay,#N/A,C,22,NOP,1,3,-35.1,0,1,0,0,0,0,0,0,0,50,28,0,0,0,-0.787,-30.7,-8.9,-39.6,0,#N/A
308,makerth01,Thon Maker\makerth01,Thon Maker,Black,C,23,CLE,8,76,18.6,0.657,0.111,0.611,11.5,15.1,13.3,7.9,1.3,4.7,11.6,14.8,0.2,0.1,0.3,0.174,0.3,1.2,1.5,0.1,#N/A
309,maledth01,Thí©o Maledon\maledth01,Thí©o Maledon,#N/A,PG,19,OKC,65,1778,8.2,0.489,0.51,0.22,1.4,11,6.2,18.8,1.5,0.5,17.3,19.4,-1.9,1.1,-0.8,-0.021,-4.1,-1.1,-5.2,-1.4,2000000
310,maneka01,Karim Maní©\maneka01,Karim Maní©,#N/A,PG,20,ORL,10,88,1.3,0.362,0.154,0.385,1.1,15.9,8.3,6,0,2.1,16.5,8.9,-0.1,0,-0.1,-0.045,-9,-0.8,-9.9,-0.2,#N/A
311,mannte01,Terance Mann\mannte01,Terance Mann,Black,SG,24,LAC,67,1263,13.8,0.603,0.26,0.269,5.1,16.1,10.8,11.3,1.1,0.9,9.3,15.1,2.4,1.3,3.7,0.141,-0.5,0.4,-0.1,0.6,1782621
312,mannini01,Nico Mannion\mannini01,Nico Mannion,#N/A,PG,19,GSW,30,364,9.3,0.487,0.526,0.246,1.8,11.5,6.7,25.6,2.1,0.2,19.7,18.5,-0.2,0.4,0.2,0.029,-3.4,-0.7,-4.1,-0.2,#N/A
313,marjabo01,Boban MarjanoviÛˆ\marjabo01,Boban MarjanoviÛˆ,#N/A,C,32,DAL,33,271,22.6,0.562,0.066,0.311,19.3,32.7,26,5.9,0.4,2.1,8,24.6,0.7,0.3,1,0.183,1.6,-2.7,-1.1,0.1,3500000
314,markkla01,Lauri Markkanen\markkla01,Lauri Markkanen,White,PF,23,CHI,51,1317,15.2,0.619,0.568,0.177,3,19.4,11.3,5,1,1,8.5,20.2,1.7,1.3,3,0.109,1.3,-1.3,0,0.7,15690909
315,marshna01,Naji Marshall\marshna01,Naji Marshall,#N/A,SF,23,NOP,32,700,11.4,0.508,0.397,0.359,2.3,20.6,11.5,16.5,1.8,1.4,13.6,16.8,0.2,0.7,0.9,0.061,-2.1,0.8,-1.2,0.1,1517981
316,martica02,Caleb Martin\martica02,Caleb Martin,Black/Mixed,SF,25,CHO,53,818,9.5,0.465,0.488,0.25,4,14.8,9.3,11.5,2.2,1.5,10.4,16.7,-0.4,0.9,0.5,0.03,-3.4,-0.3,-3.7,-0.4,#N/A
317,martico01,Cody Martin\martico01,Cody Martin,Black/Mixed,SF,25,CHO,52,849,10.6,0.5,0.309,0.229,6.5,14.1,10.3,13.9,2.1,1.4,16.2,12.5,0.2,0.9,1.1,0.061,-2.6,0.3,-2.2,-0.1,1782621
318,martije02,Jeremiah Martin\martije02,Jeremiah Martin,Black,PG,24,CLE,9,75,1.4,0.313,0.364,0.152,2.9,7.6,5.2,7.9,3.3,2.4,14.6,23.9,-0.4,0.1,-0.3,-0.207,-8.5,-1.2,-9.7,-0.1,#N/A
319,martike03,Kelan Martin\martike03,Kelan Martin,Black,SF,25,IND,35,322,13.9,0.551,0.435,0.072,6.1,20.1,13.1,7.5,1.5,2.5,10.1,20.9,0.1,0.4,0.4,0.066,-1.2,-1,-2.3,0,1701593
320,martike04,Kenyon Martin Jr.\martike04,Kenyon Martin Jr.,#N/A,SF,20,HOU,45,1068,14.6,0.59,0.302,0.264,7,17.6,12.1,6.8,1.3,3.4,9.7,15.6,1.3,0.9,2.2,0.099,-1.5,-0.4,-1.8,0,1517981
321,masonfr01,Frank Mason III\masonfr01,Frank Mason III,#N/A,PG,26,ORL,4,79,7.5,0.462,0.208,0.292,3.8,12.2,7.9,22.3,0,0,15.6,17.5,0,0,0,-0.018,-6.1,-3.1,-9.2,-0.1,#N/A
322,mathega01,Garrison Mathews\mathega01,Garrison Mathews,White,SG,24,WAS,64,1038,9.7,0.635,0.835,0.401,1.6,7.2,4.4,3.1,1.3,0.6,3.5,11.5,1.7,0.6,2.3,0.108,-1.7,-0.6,-2.3,-0.1,1669178
323,mathida01,Dakota Mathias\mathida01,Dakota Mathias,#N/A,SG,25,PHI,8,123,9.8,0.474,0.542,0.125,0.9,5.3,3.1,15.1,0.4,2.2,1.9,18.1,0,0.1,0.2,0.061,-1.9,-1.7,-3.6,0,#N/A
324,matthwe02,Wesley Matthews\matthwe02,Wesley Matthews,Black,SG,34,LAL,58,1130,7.2,0.517,0.782,0.163,2,7.2,4.6,6.3,1.6,1.3,8.8,11.4,0.2,1.5,1.7,0.073,-3.1,0.6,-2.4,-0.1,#N/A
325,maxeyty01,Tyrese Maxey\maxeyty01,Tyrese Maxey,#N/A,SG,20,PHI,61,935,14.5,0.531,0.24,0.163,1.3,10.8,6.1,19.9,1.3,1.2,8.2,23,0.8,1.1,1.9,0.099,-1.3,-0.6,-1.9,0,2602920
326,mayssk01,Skylar Mays\mayssk01,Skylar Mays,#N/A,SG,23,ATL,33,269,16.8,0.569,0.408,0.255,4.2,10,7.1,16.4,2.6,0.7,7.6,19.1,0.5,0.3,0.8,0.14,1,0.6,1.6,0.2,#N/A
327,mccawpa01,Patrick McCaw\mccawpa01,Patrick McCaw,Black,SF,25,TOR,5,33,12,1.078,0,3,3.2,6.9,5,15.2,2.9,0,0,3,0.1,0,0.1,0.209,-2.5,3.5,1,0,#N/A
328,mccolcj01,CJ McCollum\mccolcj01,CJ McCollum,Black,SG,29,POR,47,1600,20.8,0.577,0.475,0.15,2,10.6,6.2,23,1.3,1.2,6.5,27.1,4.1,0.6,4.7,0.141,4.9,-1.5,3.3,2.1,30864198
329,mccontj01,T.J. McConnell\mccontj01,T.J. McConnell,White,PG,28,IND,69,1796,16.9,0.583,0.098,0.098,3.3,12.1,7.7,34.3,3.4,1,20.9,15.3,2.6,2.2,4.8,0.128,-0.1,1.6,1.5,1.6,7500000
330,mcdanja02,Jaden McDaniels\mcdanja02,Jaden McDaniels,#N/A,PF,20,MIN,63,1511,8.9,0.552,0.54,0.123,3.6,13.4,8.3,6.4,1.1,3.4,10.8,12,0.5,0.9,1.4,0.046,-3.4,-0.3,-3.8,-0.7,2063280
331,mcdanja01,Jalen McDaniels\mcdanja01,Jalen McDaniels,Black,SF,23,CHO,47,904,11.4,0.554,0.37,0.225,5.3,15.1,10.1,8.6,1.5,2.1,12.6,17,0.3,0.9,1.2,0.062,-2.7,-0.5,-3.3,-0.3,1782621
332,mcderdo01,Doug McDermott\mcderdo01,Doug McDermott,White,PF,29,IND,66,1619,15.6,0.635,0.43,0.147,4,10.7,7.4,7.8,0.6,0.3,7,20,3.1,0.7,3.8,0.112,1.5,-2.1,-0.5,0.6,13750000
333,mcderse01,Sean McDermott\mcderse01,Sean McDermott,#N/A,SF,24,MEM,18,158,7.2,0.534,0.667,0.242,4,8.8,6.4,3.1,0.6,1.7,9.9,10.8,0.1,0.1,0.2,0.05,-3.3,-1.8,-5.1,-0.1,1489065
334,mcgeeja01,JaVale McGee\mcgeeja01,JaVale McGee,Black,C,33,TOT,46,678,17,0.541,0.085,0.238,12.6,27.3,19.8,9.7,1.4,7.3,16.2,23.9,-0.1,1.1,1,0.068,-3.2,1,-2.1,0,5000000
335,mcgruro01,Rodney McGruder\mcgruro01,Rodney McGruder,Black,SG,29,DET,16,194,16.1,0.619,0.343,0.114,4.5,8.1,6.3,13.6,2,0.4,8.7,18.1,0.3,0.2,0.5,0.121,0.9,-0.2,0.7,0.1,1939350
336,mckinal01,Alfonzo McKinnie\mckinal01,Alfonzo McKinnie,Black,SF,28,LAL,39,258,15.5,0.604,0.419,0.194,9.6,13.9,11.8,3.6,1.3,0,4.7,17.8,0.5,0.3,0.8,0.156,0.4,-1.2,-0.8,0.1,#N/A
337,mclaujo01,Jordan McLaughlin\mclaujo01,Jordan McLaughlin,Black,PG,24,MIN,51,938,12,0.502,0.38,0.124,2.3,10.4,6.2,28,2.6,0.6,16.7,13.7,0.6,0.6,1.2,0.062,-2.1,0,-2.2,0,1669178
338,mclembe01,Ben McLemore\mclembe01,Ben McLemore,Black,SG,27,TOT,53,905,8.5,0.523,0.767,0.145,1.7,10.5,6,6.4,1.2,0.9,9.8,20.4,-0.5,0.7,0.2,0.013,-2.7,-1.3,-4,-0.5,2389641
339,mellini01,Nicolí_ Melli\mellini01,Nicolí_ Melli,#N/A,PF,30,TOT,45,566,7.9,0.441,0.603,0.177,5.6,17.9,11.8,9.8,1.2,0.5,7.3,12.5,0.1,0.5,0.6,0.048,-3.5,-0.1,-3.6,-0.2,#N/A
340,meltode01,De'Anthony Melton\meltode01,De'Anthony Melton,Black,PG,22,MEM,52,1045,15.2,0.568,0.537,0.13,3,13.4,8.2,17.5,2.7,2.7,13.7,19.5,0.7,1.5,2.2,0.103,0.6,1.4,2,1,8437500
341,merrisa01,Sam Merrill\merrisa01,Sam Merrill,#N/A,SG,24,MIL,30,233,11.9,0.603,0.653,0.056,2.8,10.4,6.8,11.4,1.6,0.4,11.9,15,0.3,0.2,0.5,0.102,-0.6,-0.8,-1.4,0,1517981
342,metuch01,Chimezie Metu\metuch01,Chimezie Metu,Black,C,23,SAC,36,488,14.5,0.571,0.207,0.24,7,18.7,12.7,8.2,1.4,3.1,12.8,20,0.3,0.3,0.6,0.061,-2.3,-1.7,-3.9,-0.2,1762796
343,middlkh01,Khris Middleton\middlkh01,Khris Middleton,Black,SF,29,MIL,68,2269,18.2,0.588,0.34,0.22,2.6,15.7,9.4,23.2,1.5,0.4,13.1,25,4.1,2.2,6.4,0.135,2,-0.7,1.3,1.9,35500000
344,milleda01,Darius Miller\milleda01,Darius Miller,Black,SF,30,OKC,18,197,15.9,0.685,0.875,0.25,1,11.8,6.3,15.4,3.1,2.3,13.1,13.2,0.4,0.2,0.6,0.156,1.2,2.7,3.9,0.3,#N/A
345,millspa02,Patty Mills\millspa02,Patty Mills,Black/Mixed,PG,32,SAS,68,1685,11.8,0.57,0.702,0.128,1.1,6.3,3.7,13.5,1.2,0.2,9.3,18.4,1.3,0.8,2.2,0.062,0.1,-1.8,-1.6,0.2,5890000
346,millspa01,Paul Millsap\millspa01,Paul Millsap,Black,PF,35,DEN,56,1162,16.4,0.565,0.357,0.244,7.4,18.1,12.8,11.6,2.2,3,10.3,18.6,1.7,1.6,3.2,0.133,0.4,0.1,0.5,0.7,2641691
347,miltosh01,Shake Milton\miltosh01,Shake Milton,Black,SG,24,PHI,63,1461,14.6,0.549,0.304,0.264,2.5,8.5,5.6,20.3,1.3,1.1,12.2,24.9,1.1,1.6,2.8,0.091,-0.9,-1.2,-2.1,0,1846738
348,mitchdo01,Donovan Mitchell\mitchdo01,Donovan Mitchell,Black,PG,24,UTA,53,1771,21.3,0.569,0.423,0.29,3.1,10.6,7,26.7,1.4,0.7,10.7,33.5,3.9,2.2,6.2,0.167,4.1,-0.6,3.5,2.5,28103550
349,mokokad01,Adam Mokoka\mokokad01,Adam Mokoka,Black,SG,22,CHI,14,56,2.2,0.386,0.526,0.053,2,7.8,4.9,11.9,1.7,1.6,20.5,18.9,-0.2,0.1,-0.1,-0.112,-7.7,-2.2,-9.9,-0.1,#N/A
350,monkma01,Malik Monk\monkma01,Malik Monk,Black,SG,22,CHO,42,878,13.6,0.569,0.531,0.18,1.7,10.9,6.2,15.7,1.1,0.5,11.3,23.8,0.5,0.5,1,0.054,0.3,-2.3,-1.9,0,1789256
351,mooreet01,E'Twaun Moore\mooreet01,E'Twaun Moore,Black,SG,31,PHO,27,389,10.4,0.523,0.289,0.116,4.2,8.9,6.6,13.7,1.9,1.2,15.3,17.2,0,0.4,0.4,0.049,-3.7,0.5,-3.1,-0.1,2641691
352,moranja01,Ja Morant\moranja01,Ja Morant,Black,PG,21,MEM,63,2053,16.7,0.537,0.252,0.389,3,10.1,6.5,33.5,1.3,0.6,15.3,27.2,1.6,1.6,3.2,0.074,1.3,-2,-0.8,0.6,9603360
353,morgaju01,Juwan Morgan\morgaju01,Juwan Morgan,Black,PF,23,UTA,29,147,8.5,0.529,0.433,0.233,6.8,13.1,10.1,8,1.3,0.6,10.8,10.9,0.1,0.2,0.3,0.105,-3.5,0.8,-2.7,0,#N/A
354,morrima03,Marcus Morris\morrima03,Marcus Morris,#N/A,PF,31,LAC,57,1502,14.5,0.614,0.507,0.152,2.7,14.5,8.8,5.6,1.1,0.9,8.4,20.1,2.1,1.5,3.6,0.115,0.9,-1,-0.2,0.7,15627907
355,morrima02,Markieff Morris\morrima02,Markieff Morris,Black,PF,31,LAL,61,1200,9.3,0.509,0.553,0.132,4.5,20.3,12.5,8.6,0.9,1.4,11.9,16.4,-0.2,1.8,1.6,0.062,-2.8,-0.2,-3,-0.3,2641691
356,morrimo01,Monte Morris\morrimo01,Monte Morris,Black,PG,25,DEN,47,1196,14,0.574,0.346,0.189,1,8,4.6,17.1,1.4,1.1,7.5,16.5,2,0.8,2.9,0.115,0.2,-1.1,-0.8,0.4,8333333
357,muldemy01,Mychal Mulder\muldemy01,Mychal Mulder,Adopted,PG,26,GSW,60,766,10.8,0.613,0.808,0.083,1.1,7.1,4.2,4.8,0.7,1.4,5.5,16.2,0.6,0.6,1.2,0.075,-0.9,-1.4,-2.3,0,1782621
358,murrade01,Dejounte Murray\murrade01,Dejounte Murray,Black,PG,24,SAS,67,2139,16.5,0.509,0.204,0.138,2.8,21.1,11.8,25.9,2.3,0.3,10.2,23.4,0.7,2.6,3.3,0.074,-0.2,0.8,0.6,1.4,15428571
359,murraja01,Jamal Murray\murraja01,Jamal Murray,Black/Mixed,PG,23,DEN,48,1704,18.3,0.592,0.399,0.193,2.5,10.4,6.5,20.3,1.9,0.7,11.2,24.8,3.1,1.5,4.6,0.129,2.7,-1,1.7,1.6,31590000
360,muscami01,Mike Muscala\muscami01,Mike Muscala,White,C,29,OKC,35,645,14.7,0.599,0.689,0.135,3,18.4,10.6,7,0.6,1.5,6.9,20,0.9,0.4,1.3,0.096,0.8,-1.2,-0.3,0.3,3500000
361,mykhasv01,Sviatoslav Mykhailiuk\mykhasv01,Sviatoslav Mykhailiuk,#N/A,SF-SG,23,TOT,66,1324,10.4,0.529,0.621,0.099,1.9,11.4,6.6,12.9,1.9,0.8,14.3,20,-0.8,1.1,0.3,0.01,-1.9,-0.9,-2.8,-0.3,1729217
362,naderab01,Abdel Nader\naderab01,Abdel Nader,White,SF,27,PHO,24,355,13.4,0.605,0.371,0.319,2.3,17.3,9.9,7.3,1.4,2.3,12.6,19,0.3,0.4,0.7,0.095,-1.2,0.8,-0.4,0.2,2000000
363,nancela02,Larry Nance Jr.\nancela02,Larry Nance Jr.,Black/Mixed,PF,28,CLE,35,1091,13.2,0.557,0.419,0.18,5.4,19,12.1,14.4,2.8,1.4,15.8,13.9,0.5,1.3,1.8,0.08,-1.1,1.7,0.6,0.7,10690909
364,nesmiaa01,Aaron Nesmith\nesmiaa01,Aaron Nesmith,#N/A,SF,21,BOS,46,669,9.4,0.573,0.607,0.157,4.6,16.6,10.6,4.6,1.1,1.3,10.8,13.7,0.5,0.6,1.1,0.076,-2.9,-0.4,-3.2,-0.2,3631200
365,netora01,Raul Neto\netora01,Raul Neto,White,PG,28,WAS,64,1403,13,0.575,0.367,0.19,2.1,9.6,5.9,14,2.4,0.4,9.9,15.8,1.5,1.3,2.8,0.097,-1.5,0.6,-0.8,0.4,2089448
366,niangge01,Georges Niang\niangge01,Georges Niang,Black/Mixed,PF,27,UTA,72,1154,11.4,0.602,0.721,0.057,2.7,13,8.1,7.3,1.1,0.6,10.9,17.4,1.2,1.4,2.6,0.108,-0.5,0.1,-0.4,0.5,3300000
367,nnajize01,Zeke Nnaji\nnajize01,Zeke Nnaji,#N/A,PF,20,DEN,42,397,11.3,0.615,0.567,0.144,4,14.5,9.3,3.3,1,1,6,12.9,0.6,0.3,0.9,0.104,-0.7,-1.4,-2.1,0,2498760
368,noelne01,Nerlens Noel\noelne01,Nerlens Noel,Black,C,26,NYK,64,1547,14.8,0.638,0.013,0.314,10.1,18.4,14.3,4.1,2.3,8.7,20.4,9.2,1.6,3.6,5.2,0.162,-2.5,3.5,1,1.2,8800000
369,nowelja01,Jaylen Nowell\nowelja01,Jaylen Nowell,Black,SG,21,MIN,42,759,12.3,0.528,0.448,0.164,2.6,11.3,6.8,12.5,1.4,1.4,7.2,21.4,0.3,0.4,0.7,0.044,-1.5,-1.6,-3.1,-0.2,1782621
370,ntilila01,Frank Ntilikina\ntilila01,Frank Ntilikina,Black,PG,22,NYK,33,322,7.7,0.512,0.608,0.228,2,8.3,5.2,8.1,2.8,1.2,11.2,13.6,0,0.5,0.5,0.07,-4.6,2.2,-2.4,0,1789256
371,nunnke01,Kendrick Nunn\nunnke01,Kendrick Nunn,Black,PG,25,MIA,56,1650,14.2,0.596,0.486,0.091,1.5,10.8,6.2,14.5,1.6,0.9,10.5,20.9,1.4,1.5,2.9,0.084,-0.4,-0.3,-0.6,0.6,5000000
372,nunnaja01,James Nunnally\nunnaja01,James Nunnally,#N/A,SF,30,NOP,9,48,8.3,0.54,0.923,0.154,4.5,15.8,10.2,8.1,0,0,12.6,13.9,0,0,0,0.031,-1.5,-1.5,-3,0,#N/A
373,nurkiju01,Jusuf NurkiÛˆ\nurkiju01,Jusuf NurkiÛˆ,#N/A,C,26,POR,37,880,20.5,0.554,0.09,0.339,10.2,30.7,20.2,21.4,2.1,4,16,22.3,1.2,1.2,2.4,0.133,0.3,1.7,2,0.9,12000000
374,nwabada01,David Nwaba\nwabada01,David Nwaba,#N/A,SF,28,HOU,30,679,14.4,0.557,0.289,0.312,6,12.8,9.3,6.9,2.1,2.8,6.4,16.6,0.7,0.6,1.3,0.094,-1.3,1,-0.3,0.3,4650000
375,nworajo01,Jordan Nwora\nworajo01,Jordan Nwora,#N/A,SF,22,MIL,30,274,16.1,0.586,0.459,0.185,3.6,18.9,11.5,3.6,2.7,2.3,14.1,26,0,0.4,0.4,0.068,-0.7,-0.6,-1.3,0,1517981
376,onealro01,Royce O'Neale\onealro01,Royce O'Neale,Black,SF,27,UTA,71,2241,9.9,0.599,0.706,0.117,4.4,18,11.5,10.4,1.2,1.2,16.7,9.6,2.3,3.3,5.6,0.121,-1.3,1.7,0.4,1.4,8678571
377,ojelese01,Semi Ojeleye\ojelese01,Semi Ojeleye,Black,PF,26,BOS,56,950,8.3,0.553,0.715,0.145,3.6,13.7,8.6,5.1,0.9,0,8.2,11.6,0.7,0.6,1.2,0.063,-1.5,-1.2,-2.7,-0.2,1789256
378,okafoja01,Jahlil Okafor\okafoja01,Jahlil Okafor,Black,C,25,DET,27,347,13.1,0.644,0.088,0.235,7.3,13.9,10.6,6.1,0.8,1.3,15.7,16.8,0.3,0.3,0.6,0.082,-2.4,-1.1,-3.5,-0.1,#N/A
379,okekech01,Chuma Okeke\okekech01,Chuma Okeke,#N/A,PF,22,ORL,45,1133,11.8,0.511,0.435,0.123,3.7,13.2,8.3,13.2,2.1,1.8,10,14.5,0.3,1,1.3,0.056,-1.8,0.4,-1.4,0.2,3277080
380,okogijo01,Josh Okogie\okogijo01,Josh Okogie,Black,SG,22,MIN,59,1197,9.1,0.524,0.425,0.425,5.5,8.7,7.1,7,2.1,2,12.5,12.1,0.5,0.8,1.3,0.051,-3.9,0.1,-3.7,-0.5,4087904
381,okongon01,Onyeka Okongwu\okongon01,Onyeka Okongwu,#N/A,C,20,ATL,50,601,16.8,0.655,0.02,0.383,11.5,18,14.9,4.4,1.9,4.8,14.3,14.7,1.1,0.8,1.9,0.155,-2.2,0.9,-1.3,0.1,6104280
382,okorois01,Isaac Okoro\okorois01,Isaac Okoro,#N/A,SG,20,CLE,67,2173,7.9,0.514,0.383,0.281,3.4,7.3,5.3,8.6,1.4,1,12,14.3,-0.1,1,0.9,0.02,-4.2,-0.8,-5,-1.6,6720720
383,okpalkz01,KZ Okpala\okpalkz01,KZ Okpala,Black,PF,21,MIA,37,447,5.2,0.448,0.521,0.156,5.5,11.8,8.7,5.8,1.1,2.6,12.8,11.9,-0.3,0.4,0.1,0.015,-6.5,-0.7,-7.2,-0.6,1782621
384,oladivi01,Victor Oladipo\oladivi01,Victor Oladipo,Black,SG,28,TOT,33,1080,14.3,0.512,0.415,0.24,1.2,15.1,8,22.8,2,1.2,11.5,28.5,-0.6,1,0.4,0.017,-0.6,-0.9,-1.5,0.1,2389641
385,oliveca01,Cameron Oliver\oliveca01,Cameron Oliver,#N/A,SF,24,HOU,4,87,17.2,0.619,0.394,0.121,5.9,20.5,12.9,9.6,1.1,4.1,7.9,18.5,0.1,0.1,0.2,0.114,-1.6,-0.9,-2.4,0,2978130
386,olynyke01,Kelly Olynyk\olynyke01,Kelly Olynyk,White,C-PF,29,TOT,70,1997,16.4,0.61,0.528,0.251,4.8,22.5,13.6,16,1.9,2.1,14,19.7,2.5,2.6,5.1,0.121,0.2,0.9,1.1,1.6,12195122
387,onimi01,Miye Oni\onimi01,Miye Oni,Black,SG,23,UTA,54,519,6.4,0.517,0.889,0.061,4.9,11.9,8.6,6.8,1,1.2,13.6,9.8,0.2,0.7,0.9,0.081,-3.1,0.9,-2.1,0,1782621
388,osmande01,Cedi Osman\osmande01,Cedi Osman,White,SF,25,CLE,59,1510,10.3,0.488,0.553,0.162,2.8,12.4,7.5,17.7,1.7,0.5,11.3,20.4,-0.5,1,0.5,0.014,-1.9,-0.9,-2.8,-0.3,8050000
389,oturuda01,Daniel Oturu\oturuda01,Daniel Oturu,#N/A,C,21,LAC,30,161,12.5,0.471,0.096,0.231,15.1,18.3,16.8,8.5,1.2,3.9,13.6,18.2,0,0.2,0.3,0.081,-4,-1.6,-5.6,-0.1,#N/A
390,oubreke01,Kelly Oubre Jr.\oubreke01,Kelly Oubre Jr.,Black,SF,25,GSW,55,1687,13.3,0.529,0.394,0.244,5.2,15.4,10.4,6.5,1.6,2.2,8,22.1,0,2.2,2.2,0.062,-1.5,-0.6,-2.1,-0.1,12000000
391,parkeja01,Jabari Parker\parkeja01,Jabari Parker,Black,PF,25,TOT,13,165,14.7,0.593,0.2,0.236,6.7,21.8,14.2,9.9,0.3,2.8,14.1,18.5,0.2,0.1,0.3,0.089,-0.8,0.1,-0.6,0.1,2283034
392,pascher01,Eric Paschall\pascher01,Eric Paschall,Black,PF,24,GSW,40,695,13.4,0.561,0.181,0.315,4.3,15.1,9.8,11.4,0.8,0.9,11.2,23.5,0.2,0.7,0.9,0.062,-1.7,-1.5,-3.2,-0.2,1782621
393,pasecan01,AnÅ_ejs PaseÛçÅÊiks\pasecan01,AnÅ_ejs PaseÛçÅÊiks,#N/A,C,25,WAS,1,6,-40.6,0,1,0,17.7,0,8.8,18.7,0,0,83.3,41.4,-0.1,0,-0.1,-1.113,-40.1,-7.1,-47.1,-0.1,#N/A
394,pattepa01,Patrick Patterson\pattepa01,Patrick Patterson,Black,PF,31,LAC,38,582,10.9,0.571,0.679,0.103,3.8,10.5,7.2,6.7,1.2,1.2,6,14,0.7,0.5,1.2,0.101,-0.4,-0.5,-0.9,0.2,3378757
395,pattoju01,Justin Patton\pattoju01,Justin Patton,#N/A,C,23,HOU,13,247,11.6,0.488,0.486,0.057,5.8,15.8,10.6,8.1,2.3,5.1,5.3,13,0.1,0.3,0.4,0.076,-3.8,1.7,-2,0,#N/A
396,paulch01,Chris Paul\paulch01,Chris Paul,Black,PG,35,PHO,70,2199,21.4,0.599,0.294,0.206,1.3,14.5,8,40.9,2.2,0.8,14,22.6,6.5,2.7,9.2,0.201,3.4,1.3,4.7,3.7,30800000
397,payneca01,Cameron Payne\payneca01,Cameron Payne,#N/A,PG,26,PHO,60,1079,17.4,0.602,0.42,0.142,1.7,13.2,7.6,28.1,1.6,1.3,12.5,19.8,2.4,1.2,3.6,0.158,1.7,0.9,2.6,1.3,6500000
398,paytoel01,Elfrid Payton\paytoel01,Elfrid Payton,Black,PG,26,NYK,63,1484,11.7,0.478,0.158,0.172,4.7,11,7.9,21.6,1.6,0.6,13.3,23.2,-0.9,1.9,1,0.032,-2.8,-0.6,-3.4,-0.5,2239544
399,paytoga02,Gary Payton II\paytoga02,Gary Payton II,Black,PG,28,GSW,10,40,29.2,0.847,0.308,0.308,5.4,23.6,14.6,4.1,7,2.2,6.3,16.8,0.2,0.1,0.3,0.331,0.5,9,9.5,0.1,1977011
400,pelleno01,Norvel Pelle\pelleno01,Norvel Pelle,Black,C,27,TOT,13,84,11.6,0.567,0,0.4,8.1,16.5,12.4,3,0.6,10,14.5,10.8,0.1,0.1,0.2,0.112,-3.4,2.4,-1,0,#N/A
401,perryre01,Reggie Perry\perryre01,Reggie Perry,#N/A,PF,20,BRK,26,211,11,0.466,0.269,0.167,14.9,22.9,19.1,9,1.4,2.5,15.2,20.4,-0.1,0.2,0.2,0.04,-5,-1.7,-6.7,-0.2,1489065
402,pinsoth01,Theo Pinson\pinsoth01,Theo Pinson,Black,SG,25,NYK,17,34,-8.1,0.111,0.889,0,0,15.8,8,3.7,0,0,10,13.1,-0.2,0,-0.1,-0.205,-13.6,-2.9,-16.5,-0.1,1729217
403,plumlma01,Mason Plumlee\plumlma01,Mason Plumlee,White,C,30,DET,56,1499,18.7,0.638,0.018,0.444,10.6,28.1,19.3,21,1.4,2.9,18.7,16.3,3,2.1,5.1,0.164,0.3,1.8,2.1,1.5,8137500
404,poeltja01,Jakob Poeltl\poeltja01,Jakob Poeltl,White,C,25,SAS,69,1845,17.5,0.612,0,0.288,12.4,19.3,15.8,10.1,1.2,5.7,14.6,13.4,3.2,2.5,5.7,0.148,-0.4,1.1,0.7,1.2,8750000
405,poirivi01,Vincent Poirier\poirivi01,Vincent Poirier,White,C,27,PHI,10,39,1.6,0.273,0.083,0.5,17.2,22.2,19.8,6.6,0,6.9,21.5,20.6,-0.2,0.1,-0.1,-0.127,-11.4,-3.2,-14.6,-0.1,#N/A
406,pokusal01,Aleksej Pokusevski\pokusal01,Aleksej Pokusevski,#N/A,PF,19,OKC,45,1090,6.1,0.43,0.507,0.103,2.8,17.6,10.1,13.1,0.9,3.4,18.8,20.5,-2.9,1,-1.9,-0.084,-5.2,-0.7,-5.9,-1.1,3113160
407,poolejo01,Jordan Poole\poolejo01,Jordan Poole,Black/Mixed,SG,21,GSW,51,988,15.1,0.581,0.582,0.251,1.6,8.2,5,15.4,1.2,0.8,8.8,25,1.1,0.9,1.9,0.094,0.8,-1.4,-0.6,0.4,2161440
408,portejo01,Jontay Porter\portejo01,Jontay Porter,Black/Mixed,PF,21,MEM,11,54,9.2,0.64,0.533,0.333,7.8,19.9,13.7,2.5,2.7,1.7,28.9,18.9,-0.1,0.1,0,0.019,-6.8,0.3,-6.5,-0.1,#N/A
409,porteke02,Kevin Porter Jr.\porteke02,Kevin Porter Jr.,Black,SG,20,HOU,26,835,12.5,0.528,0.439,0.256,2.4,10.5,6.3,31.2,1.1,0.9,18.2,25.4,-0.3,0.3,0,0,-1.3,-2.4,-3.8,-0.4,2130240
410,portemi01,Michael Porter Jr.\portemi01,Michael Porter Jr.,Black/Mixed,SF,22,DEN,61,1912,20.6,0.663,0.468,0.164,5.4,20.9,13.2,5.6,1,2.8,8.1,21.7,4.8,2.1,6.9,0.173,3.9,-1,3,2.4,5258735
411,porteot01,Otto Porter\porteot01,Otto Porter,#N/A,SF-PF,27,TOT,28,606,14.5,0.552,0.458,0.185,5.2,22.4,13.8,12.9,1.3,0.6,9.2,19.3,0.6,0.7,1.3,0.101,0,-0.5,-0.6,0.2,2389641
412,portibo01,Bobby Portis\portibo01,Bobby Portis,Black,C,25,MIL,66,1372,19.9,0.598,0.263,0.122,9.9,25.3,17.9,7.4,1.8,1.7,8.2,20.9,2.8,2,4.8,0.167,2,-0.6,1.4,1.2,8151750
413,porzikr01,Kristaps PorziÅÊÛ£is\porzikr01,Kristaps PorziÅÊÛ£is,#N/A,C,25,DAL,43,1327,21.3,0.582,0.378,0.202,6.9,24.6,15.8,8.4,0.7,4.1,6.4,26.5,2.6,1.7,4.3,0.154,2.9,-0.8,2,1.4,31650600
414,poweldw01,Dwight Powell\poweldw01,Dwight Powell,Black/Mixed,C,29,DAL,58,966,16.8,0.688,0.108,0.639,9.2,17.4,13.3,8.9,1.8,2.9,13.9,13.2,2.6,1.2,3.8,0.188,-0.8,1.5,0.7,0.7,11000000
415,powelno01,Norman Powell\powelno01,Norman Powell,Black,SG-SF,27,TOT,69,2205,16.2,0.618,0.453,0.295,2,8.8,5.3,9.2,1.8,0.8,10.3,22.6,3.4,1.3,4.7,0.103,0.8,-0.7,0.1,1.2,15517242
416,princta02,Taurean Prince\princta02,Taurean Prince,Black,PF,26,TOT,41,905,12.1,0.54,0.474,0.232,2.3,15.3,8.8,12.8,1.5,2.3,11.5,19.6,0.2,0.8,1,0.052,-1.2,-0.8,-2,0,15057692
417,pritcpa01,Payton Pritchard\pritcpa01,Payton Pritchard,#N/A,SG,23,BOS,66,1268,12.4,0.582,0.593,0.108,2.9,11.1,6.9,13.3,1.4,0.7,10.8,16.7,1.6,0.9,2.5,0.095,-0.4,-0.7,-1.1,0.3,2137440
418,quickim01,Immanuel Quickley\quickim01,Immanuel Quickley,#N/A,PG,21,NYK,64,1243,15.8,0.557,0.522,0.3,2.2,9.7,6,16.2,1.2,0.9,8.1,25.6,1.8,1.4,3.2,0.125,1.5,-0.9,0.6,0.8,2210640
419,ramseja01,Jahmi'us Ramsey\ramseja01,Jahmi'us Ramsey,#N/A,SG,19,SAC,13,94,10.5,0.498,0.5,0.132,2.3,9.6,5.9,8.8,2,0.9,6.9,19.8,0,0,0,0.012,-3.1,-1.6,-4.7,-0.1,1517981
420,randlch01,Chasson Randle\randlch01,Chasson Randle,Black,PG,27,ORL,41,837,7.4,0.515,0.549,0.203,0.8,9.6,5.1,12.9,1.3,0.5,15.1,15.7,-0.4,0.4,0,-0.001,-4.9,-1.3,-6.2,-0.9,1789256
421,randlju01,Julius Randle\randlju01,Julius Randle,Black,PF,26,NYK,71,2667,19.7,0.567,0.294,0.325,3.5,25.7,14.7,27.2,1.2,0.6,13.8,29.3,3.4,4.3,7.8,0.14,3,0.7,3.7,3.8,19800000
422,reddica01,Cam Reddish\reddica01,Cam Reddish,Black,SF,21,ATL,26,750,9.3,0.488,0.479,0.312,3.3,11.7,7.6,6.5,2.2,1.1,10.2,19.3,-0.3,0.7,0.4,0.026,-3.2,-0.4,-3.6,-0.3,4670160
423,redicjj01,J.J. Redick\redicjj01,J.J. Redick,#N/A,SG,36,TOT,44,723,9.9,0.564,0.667,0.195,0.6,9,4.8,9.7,0.7,0.4,11,19.2,0.4,0.3,0.7,0.045,-1.5,-2.2,-3.7,-0.3,#N/A
424,reedpa01,Paul Reed\reedpa01,Paul Reed,#N/A,PF,21,PHI,26,177,21.2,0.54,0.077,0.103,19,18.9,19,11,2.7,6.6,12.8,22.7,0.2,0.4,0.6,0.162,-1.9,1,-0.9,0,1517981
425,reidna01,Naz Reid\reidna01,Naz Reid,Black,C,21,MIN,70,1347,18.2,0.599,0.299,0.286,6.4,20,12.9,8.7,1.2,4.9,9.5,22.5,1.9,1.3,3.2,0.113,-0.2,-0.5,-0.6,0.5,1782621
426,reynoca01,Cameron Reynolds\reynoca01,Cameron Reynolds,Black,SF,25,TOT,5,40,6.5,0.417,0.667,0,5.1,8.3,6.7,7.5,0,0,0,19.2,0,0,0,-0.039,-5.1,-3.9,-9,-0.1,#N/A
427,richani01,Nick Richards\richani01,Nick Richards,#N/A,PF,23,CHO,18,63,5.5,0.542,0.111,1.222,6.8,12.2,9.5,4.2,0,0,17.8,11.5,0,0,0,0.026,-5.8,-2.9,-8.7,-0.1,#N/A
428,richajo01,Josh Richardson\richajo01,Josh Richardson,Black,SG,27,DAL,59,1790,11.9,0.537,0.432,0.175,3.2,8.8,6,12.1,1.7,1.2,10.6,18.4,1,1.4,2.4,0.066,-1.5,-0.6,-2.1,0,11600000
429,rillegr01,Grant Riller\rillegr01,Grant Riller,#N/A,PG,23,CHO,7,27,23.6,0.75,0.333,0,0,4.1,2,20.9,1.8,0,7.7,20.7,0.1,0,0.1,0.177,4.5,1,5.4,0.1,#N/A
430,riverau01,Austin Rivers\riverau01,Austin Rivers,Black/Mixed,SG,28,TOT,36,845,9.9,0.551,0.608,0.127,1.1,9.6,5.4,13.2,1.8,0.2,12.2,15.4,0.4,0.9,1.3,0.072,-2.1,-0.1,-2.2,0,2401537
431,roberan03,Andre Roberson\roberan03,Andre Roberson,Black,SG,29,BRK,5,63,4.2,0.202,0.571,0.143,12.9,13.3,13.2,7.4,2.3,1.4,11.8,11.7,-0.1,0.1,-0.1,-0.043,-5.1,-1.2,-6.2,-0.1,#N/A
432,robindu01,Duncan Robinson\robindu01,Duncan Robinson,White,SF,26,MIA,72,2262,11,0.628,0.855,0.105,0.4,12.1,6.3,8.3,0.9,0.9,9.7,16.6,1.9,1.8,3.7,0.079,-0.2,-0.9,-1.1,0.5,15560000
433,robingl02,Glenn Robinson III\robingl02,Glenn Robinson III,Black,SF,27,SAC,23,369,9,0.554,0.444,0.232,3.3,10.4,6.8,7,0.5,0.7,9.2,14,0.3,0,0.3,0.033,-1.9,-2.8,-4.6,-0.2,#N/A
434,robinje01,Jerome Robinson\robinje01,Jerome Robinson,Black,SG,23,WAS,17,305,4.1,0.4,0.442,0.211,1.4,11.8,6.6,10.2,1.8,1.6,15.5,16.7,-0.7,0.3,-0.4,-0.057,-6.5,-1.1,-7.6,-0.4,#N/A
435,robinju01,Justin Robinson\robinju01,Justin Robinson,#N/A,PG,23,OKC,9,88,6,0.453,0.667,0.238,1.2,7.2,4.1,14.1,1.6,0,7.9,12.2,0,0,0,0.021,-6.2,-1.3,-7.6,-0.1,#N/A
436,robinmi01,Mitchell Robinson\robinmi01,Mitchell Robinson,Black,C,22,NYK,31,853,17.7,0.642,0,0.301,14.5,17.5,16,2.9,2.1,5,11.5,11.8,1.8,1.7,3.4,0.192,-0.3,1.1,0.9,0.6,1802057
437,robyis01,Isaiah Roby\robyis01,Isaiah Roby,Black/Mixed,PF,22,OKC,61,1425,11.9,0.555,0.254,0.273,6.4,18.6,12.4,11.4,1.7,2.3,19,17.7,-0.3,1.5,1.3,0.043,-3.6,0.2,-3.5,-0.5,1782621
438,rondora01,Rajon Rondo\rondora01,Rajon Rondo,Black,PG,34,TOT,45,770,13.2,0.544,0.414,0.079,2.7,12.9,7.9,35.3,2.4,0.5,26.2,17.2,0.5,0.8,1.3,0.081,-0.6,0.3,-0.3,0.3,2641691
439,rosede01,Derrick Rose\rosede01,Derrick Rose,Black,PG,32,TOT,50,1279,18.3,0.55,0.211,0.208,1.7,9.3,5.5,28,1.9,1.4,10.5,25.8,1.6,1.6,3.1,0.118,1.4,0.1,1.5,1.1,13445120
440,rosste01,Terrence Ross\rosste01,Terrence Ross,Black,SG,29,ORL,46,1347,13.2,0.53,0.429,0.224,1.1,11.4,6.1,13.2,1.7,1.4,9.9,24.1,-0.1,1,0.9,0.03,-1.3,-1.1,-2.4,-0.1,12500000
441,roziete01,Terry Rozier\roziete01,Terry Rozier,Black,SG,26,CHO,69,2383,17.1,0.575,0.504,0.178,2.1,11.8,6.9,20,1.8,1.1,9.5,24.4,3.3,2,5.2,0.105,2.4,-0.9,1.5,2.1,17905263
442,rubiori01,Ricky Rubio\rubiori01,Ricky Rubio,White,PG,30,MIN,68,1772,13.5,0.516,0.43,0.301,1.6,12.4,6.8,33.3,2.6,0.2,16.4,16,1.9,1.3,3.1,0.085,-2.1,-0.1,-2.2,-0.1,17809524
443,russeda01,D'Angelo Russell\russeda01,D'Angelo Russell,Black,PG,24,MIN,42,1196,17.6,0.555,0.475,0.229,1.4,8.9,5,33.6,1.8,1.3,13.5,29.1,1,0.6,1.6,0.063,3,-1.9,1.1,1,30013500
444,sabondo01,Domantas Sabonis\sabondo01,Domantas Sabonis,White,PF,24,IND,62,2231,20.6,0.601,0.179,0.363,7.3,28.6,18,27.5,1.6,1.2,16.9,24.1,4,3,6.9,0.149,2.4,1.5,3.9,3.3,18562500
445,samanlu01,Luka ÅæamaniÛˆ\samanlu01,Luka ÅæamaniÛˆ,#N/A,PF,21,SAS,33,308,9.8,0.518,0.41,0.276,5.4,18.3,11.7,6.9,1.3,2.2,14.5,19.5,-0.2,0.3,0.1,0.015,-4.3,-0.9,-5.1,-0.2,#N/A
446,sampsja02,JaKarr Sampson\sampsja02,JaKarr Sampson,Black,PF,27,IND,29,316,10.9,0.533,0.133,0.257,9.3,17.1,13.2,1.8,0.3,3.6,10.7,19,0,0.3,0.3,0.044,-5.1,-2.3,-7.4,-0.4,#N/A
447,saricda01,Dario ÅæariÛˆ\saricda01,Dario ÅæariÛˆ,#N/A,C,26,PHO,50,871,14.3,0.567,0.395,0.289,6.1,18.4,12.4,10.4,1.7,0.4,12.9,22.6,0.7,1,1.7,0.093,-1.4,-0.8,-2.2,0,9000000
448,satorto01,TomíçÅç Satoranskí_\satorto01,TomíçÅç Satoranskí_,#N/A,SG,29,CHI,58,1307,13.8,0.614,0.359,0.24,2.6,9.4,6,27.9,1.5,0.9,20.9,15.2,1.9,1.1,3.1,0.113,-0.5,-0.2,-0.7,0.4,10000000
449,schrode01,Dennis Schrí_der\schrode01,Dennis Schrí_der,#N/A,SG,27,LAL,61,1956,13.8,0.543,0.279,0.32,1.7,10.3,6.1,26.9,1.7,0.6,15.8,22.9,1,2.7,3.8,0.093,-1.1,0,-1.1,0.4,5890000
450,scottmi01,Mike Scott\scottmi01,Mike Scott,Black,PF,32,PHI,51,852,6.8,0.492,0.735,0.057,1.4,13.8,7.8,6.1,1.4,1.5,8.1,11.9,-0.1,1.1,1,0.058,-3.2,0.1,-3.1,-0.2,#N/A
451,scrubja01,Jay Scrubb\scrubja01,Jay Scrubb,#N/A,SG,20,LAC,4,84,6.3,0.458,0.25,0.139,2.8,15.6,9.4,1.7,2.4,0,15.5,23.8,-0.2,0.1,-0.1,-0.072,-8.1,-2.8,-10.9,-0.2,#N/A
452,sextoco01,Collin Sexton\sextoco01,Collin Sexton,Black,SG,22,CLE,60,2115,18,0.573,0.239,0.347,3,7,4.9,22.6,1.4,0.4,11.6,29.7,2.6,0.9,3.5,0.08,1.9,-1.9,0,1,6349671
453,shamela01,Landry Shamet\shamela01,Landry Shamet,Black/Mixed,SG,23,BRK,61,1403,10.3,0.578,0.73,0.171,0.9,7.6,4.4,9.3,1.1,0.6,8.9,16.7,1.2,0.6,1.8,0.063,-1.1,-1.5,-2.5,-0.2,3768342
454,shumpim01,Iman Shumpert\shumpim01,Iman Shumpert,#N/A,SG,30,BRK,2,11,-0.4,0.25,0.75,0,10.6,0,5,0,4.4,0,20,19.8,-0.1,0,0,-0.212,-10.2,-2.7,-13,0,#N/A
455,siakapa01,Pascal Siakam\siakapa01,Pascal Siakam,Black,PF,26,TOR,56,2006,17.7,0.547,0.256,0.313,5,17.6,11.1,20.5,1.5,1.8,10.6,26.3,2.3,2,4.2,0.101,0.8,-0.4,0.4,1.2,31320000
456,silvach01,Chris Silva\silvach01,Chris Silva,Black,PF,24,TOT,15,92,11.5,0.708,0.063,0.938,8.9,24.4,16.8,9.3,0.5,6.6,30.7,15.9,0.1,0.1,0.2,0.101,-6.2,0.8,-5.5,-0.1,1669178
457,simmobe01,Ben Simmons\simmobe01,Ben Simmons,Black/Mixed,PG,24,PHI,58,1877,18.3,0.584,0.017,0.492,5.6,18.7,12.2,31.3,2.4,1.7,19.6,20.2,2.7,3.3,6,0.153,0.8,1.9,2.7,2.2,31590000
458,simonan01,Anfernee Simons\simonan01,Anfernee Simons,Black,SG,21,POR,64,1104,12.3,0.589,0.703,0.142,1.3,12.5,6.8,11.4,0.8,0.6,9.2,18.3,1.5,0.3,1.8,0.078,0.6,-1.8,-1.3,0.2,3938818
459,sirvyde01,Deividas Sirvydis\sirvyde01,Deividas Sirvydis,#N/A,SG,20,DET,20,133,5.7,0.481,0.7,0.15,0,24.5,12.1,5.4,0.7,0,10.5,15.7,-0.1,0.1,0,-0.01,-4.5,-1.1,-5.6,-0.1,#N/A
460,smailal01,Alen SmailagiÛˆ\smailal01,Alen SmailagiÛˆ,#N/A,PF,20,GSW,15,84,8.9,0.472,0.37,0.222,7.7,12.5,10.1,6.5,1.7,5.2,14.4,17.6,-0.1,0.1,0,0.015,-4.9,-0.5,-5.4,-0.1,#N/A
461,smartma01,Marcus Smart\smartma01,Marcus Smart,Black,PG,26,BOS,48,1581,13.8,0.539,0.553,0.318,2.5,9.3,5.9,23.6,2.2,1.4,14.2,18.4,1.8,1.5,3.3,0.1,-0.4,-0.2,-0.6,0.6,14339285
462,smithde03,Dennis Smith Jr.\smithde03,Dennis Smith Jr.,Black,PG,23,TOT,23,420,13.6,0.492,0.4,0.179,3.1,11.5,7.3,27.8,2.7,2.9,14.3,19,0.1,0.5,0.6,0.07,-1.3,1.5,0.2,0.2,1789256
463,smithis01,Ish Smith\smithis01,Ish Smith,Black,PG,32,WAS,44,924,11.6,0.473,0.165,0.111,2.5,14.6,8.6,24.7,1.6,1.2,11.6,15.8,0.2,0.9,1.1,0.056,-2,0.2,-1.9,0,4500000
464,smithja04,Jalen Smith\smithja04,Jalen Smith,#N/A,PF,20,PHO,27,156,8.4,0.499,0.34,0.14,5.2,21.4,13.4,3.4,0.3,2.9,11.7,17.1,-0.1,0.2,0.1,0.022,-4.8,-1.4,-6.2,-0.2,4458000
465,snellto01,Tony Snell\snellto01,Tony Snell,Black,SG,29,ATL,47,992,9.5,0.708,0.637,0.064,2,10.2,6.2,7.9,0.6,1,10.7,8.6,1.6,0.5,2,0.099,-0.5,-0.4,-0.9,0.3,2389641
466,spaldra01,Ray Spalding\spaldra01,Ray Spalding,Black,C,23,HOU,2,19,0.8,0.41,0.25,0.5,10.8,11.7,11.2,0,0,9.4,38.1,17.6,-0.1,0,-0.1,-0.184,-8.9,-1.4,-10.4,0,#N/A
467,stanlca01,Cassius Stanley\stanlca01,Cassius Stanley,#N/A,SG,21,IND,24,93,5.5,0.383,0.302,0.209,9.4,13.9,11.7,1.4,0.5,1.7,2.1,22,-0.2,0.1,-0.1,-0.05,-7,-4.2,-11.2,-0.2,1489065
468,stevela01,Lamar Stevens\stevela01,Lamar Stevens,#N/A,PF,23,CLE,40,499,10.5,0.521,0.184,0.375,5.3,16.6,10.8,7.4,1.7,2.3,12.7,15.8,0,0.5,0.4,0.043,-4,0,-4,-0.3,1517981
469,stewais01,Isaiah Stewart\stewais01,Isaiah Stewart,#N/A,C,19,DET,68,1455,16.4,0.597,0.154,0.225,12,22.7,17.3,6.3,1.3,5.2,13,15.5,1.9,2.1,4,0.132,-1.6,0.4,-1.2,0.3,3277080
470,strusma01,Max Strus\strusma01,Max Strus,White,SF,24,MIA,39,507,12.1,0.597,0.791,0.128,1.1,8,4.6,7.3,1.1,0.4,3.9,18.3,0.6,0.3,0.9,0.088,-0.4,-1.8,-2.2,0,1669178
471,sumneed01,Edmond Sumner\sumneed01,Edmond Sumner,Black,SG,25,IND,53,861,12.7,0.626,0.312,0.294,2.3,9.5,5.9,7.9,1.8,0.9,13.8,18.3,0.7,0.7,1.4,0.077,-2.3,-0.6,-2.9,-0.2,#N/A
472,tateja01,Jae'Sean Tate\tateja01,Jae'Sean Tate,#N/A,SF,25,HOU,70,2043,13.8,0.576,0.312,0.235,6.6,13.2,9.8,13.2,2,1.6,12.4,16.4,2.2,1.6,3.8,0.088,-1.6,0.4,-1.2,0.4,1517981
473,tatumja01,Jayson Tatum\tatumja01,Jayson Tatum,Black,SF,22,BOS,64,2290,21.3,0.576,0.368,0.258,2.4,20.7,11.5,20.3,1.6,1.3,10.4,30.8,4.1,2.5,6.5,0.137,4.1,-0.4,3.7,3.3,28103550
474,teaguje01,Jeff Teague\teaguje01,Jeff Teague,Black,PG,32,TOT,55,950,12.3,0.562,0.289,0.37,1.7,8.3,5.1,18.3,1.7,1.2,16.2,17.7,0.8,0.8,1.6,0.079,-1.7,-0.4,-2.1,0,#N/A
475,templga01,Garrett Temple\templga01,Garrett Temple,Black,SG,34,CHI,56,1528,8.2,0.525,0.525,0.131,2.1,9.4,5.8,10.5,1.4,1.7,12.6,13.1,0.2,1.4,1.6,0.05,-3.3,-0.1,-3.5,-0.6,4910000
476,terryty01,Tyrell Terry\terryty01,Tyrell Terry,#N/A,PG,20,DAL,11,56,6,0.318,0.438,0.188,0,11.7,5.9,14,4.4,0,10.4,15.3,-0.1,0.1,-0.1,-0.049,-7.7,2.2,-5.5,-0.1,1517981
477,theisda01,Daniel Theis\theisda01,Daniel Theis,White,C,28,TOT,65,1601,15,0.609,0.326,0.236,6.5,18.3,12.4,9.5,1.2,3.3,11.4,15.6,2.4,1.8,4.3,0.128,-0.6,0.5,-0.2,0.7,8372093
478,thomabr01,Brodric Thomas\thomabr01,Brodric Thomas,#N/A,SG,24,TOT,32,399,8,0.487,0.546,0.426,2.2,12.9,7.4,10.7,1.8,2.2,14.6,16.4,-0.3,0.3,0.1,0.006,-4.7,0.1,-4.6,-0.3,#N/A
479,thomais02,Isaiah Thomas\thomais02,Isaiah Thomas,#N/A,PG,31,NOP,3,48,2.4,0.412,0.444,0.074,2.3,6.8,4.5,15.1,1,0,17.7,29.7,-0.2,0,-0.2,-0.179,-8.1,-5.6,-13.8,-0.1,#N/A
480,thomakh01,Khyri Thomas\thomakh01,Khyri Thomas,Black,SG,24,HOU,5,153,21.3,0.586,0.409,0.136,4.7,8,6.3,26.9,2.8,3.5,7.9,21.1,0.4,0.1,0.5,0.164,2,0.3,2.3,0.2,#N/A
481,thomama02,Matt Thomas\thomama02,Matt Thomas,White,SG,26,TOT,45,326,9.1,0.522,0.63,0.11,2.3,12.2,7.3,8.6,0.6,0,9.5,19.5,0,0.2,0.2,0.031,-2.9,-2.3,-5.2,-0.3,1669178
482,thomptr01,Tristan Thompson\thomptr01,Tristan Thompson,Black,PF,29,BOS,54,1287,14.2,0.54,0.009,0.368,14.5,23.5,19,7.2,0.9,2.4,14.1,14.8,1.5,1.4,2.9,0.107,-1.4,-1.2,-2.6,-0.2,9720900
483,thornsi01,Sindarius Thornwell\thornsi01,Sindarius Thornwell,#N/A,SG,26,TOT,21,217,6.6,0.414,0.5,0.174,1.4,7.4,4.4,13,2.9,0.9,12.4,11.1,-0.2,0.2,0,0.009,-5.8,0.8,-5,-0.2,#N/A
484,thybuma01,Matisse Thybulle\thybuma01,Matisse Thybulle,Black/Mixed,SG,23,PHI,65,1298,10.1,0.508,0.588,0.074,2.6,7.8,5.3,6.3,3.9,4.9,11.3,9.4,0.1,2.7,2.8,0.102,-2.7,4.3,1.6,1.2,2840160
485,tilliki02,Killian Tillie\tilliki02,Killian Tillie,#N/A,C,22,MEM,18,182,8.5,0.461,0.579,0.193,3.5,10.6,7,5.6,1.3,4,3.1,14.8,0,0.2,0.2,0.055,-3.6,-0.5,-4.1,-0.1,#N/A
486,tillmxa01,Xavier Tillman Sr.\tillmxa01,Xavier Tillman Sr.,#N/A,PF,22,MEM,59,1085,14.7,0.605,0.217,0.177,7.2,18,12.5,9.4,1.9,2.7,12.3,14.3,1.4,1.5,2.9,0.127,-1.3,0.9,-0.4,0.4,1517981
487,tollian01,Anthony Tolliver\tollian01,Anthony Tolliver,#N/A,PF,35,PHI,11,99,4,0.433,0.824,0.353,3.4,7.6,5.6,2.5,1.5,1.8,13.3,9.8,-0.1,0.1,0.1,0.025,-5.7,-1.7,-7.4,-0.1,#N/A
488,toppiob01,Obi Toppin\toppiob01,Obi Toppin,#N/A,PF,22,NYK,62,683,12.7,0.574,0.407,0.124,4.2,17.6,11,6.4,1.2,2.1,9.4,15.9,0.5,1,1.5,0.109,-1.5,0.5,-1,0.2,5105160
489,toscaju01,Juan Toscano-Anderson\toscaju01,Juan Toscano-Anderson,Black/Mixed,SG,27,GSW,53,1107,12.6,0.676,0.44,0.148,2.8,19.5,11.3,18.1,1.7,2.1,21.5,11,1.4,1.6,3,0.13,-1.5,2.2,0.6,0.7,1701593
490,toupaax01,Axel Toupane\toupaax01,Axel Toupane,#N/A,SF,28,MIL,8,61,9,0.497,0.182,0.636,0,10,5.2,7.6,1.5,4.4,0,9.7,0.1,0.1,0.1,0.097,-4.4,1.3,-3.1,0,#N/A
491,townska01,Karl-Anthony Towns\townska01,Karl-Anthony Towns,Black/Mixed,C,25,MIN,50,1689,23.1,0.612,0.36,0.355,8.2,26.4,17,22.6,1.1,2.9,13.7,29.1,3.8,1.6,5.4,0.153,4,0.2,4.3,2.7,31610000
492,trentga02,Gary Trent Jr.\trentga02,Gary Trent Jr.,Black,SG,22,TOT,58,1802,12.1,0.534,0.546,0.135,1.6,7.7,4.6,6.6,1.5,0.5,4.9,20.9,1,0.7,1.7,0.045,-0.6,-2.1,-2.7,-0.3,16000000
493,tuckepj01,P.J. Tucker\tuckepj01,P.J. Tucker,Black,PF,35,TOT,52,1356,5.5,0.51,0.672,0.158,3.9,12.3,8,5.7,1.4,1.3,17.4,7.2,0.1,0.9,1,0.034,-4.5,0.2,-4.3,-0.8,7000000
494,tuckera01,Rayjon Tucker\tuckera01,Rayjon Tucker,Black,PG,23,PHI,14,68,15.1,0.645,0.389,1.056,1.6,15.9,8.9,12.2,1.4,0,13.2,19.2,0.1,0.1,0.2,0.166,-3.5,-0.5,-4,0,#N/A
495,turnemy01,Myles Turner\turnemy01,Myles Turner,Black,C,24,IND,47,1455,15.3,0.599,0.477,0.329,4.7,18,11.4,4.4,1.3,8.8,11.9,16.4,1.1,2.2,3.3,0.11,-1.3,1.7,0.4,0.9,18000000
496,valanjo01,Jonas ValanÛçiÅ‚nas\valanjo01,Jonas ValanÛçiÅ‚nas,#N/A,C,28,MEM,62,1755,24.4,0.636,0.077,0.273,15.1,31.9,23.4,10,1,2.9,10.7,22.4,5.1,2.6,7.8,0.213,3.1,-0.4,2.7,2.1,14000000
497,valende01,Denzel Valentine\valende01,Denzel Valentine,Black/Mixed,SG,27,CHI,62,1036,10.1,0.479,0.582,0.041,2.6,18.3,10.5,14,1.4,0.6,9,19.5,-0.4,1.1,0.7,0.032,-2.1,-0.8,-2.9,-0.3,1789256
498,vandeja01,Jarred Vanderbilt\vandeja01,Jarred Vanderbilt,Black,PF,21,MIN,64,1139,16.2,0.612,0.021,0.432,10.8,24.7,17.5,9.3,2.7,3.5,15.9,12.3,1.6,1.5,3.1,0.132,-1.6,1,-0.6,0.4,4259259
499,vanvlfr01,Fred VanVleet\vanvlfr01,Fred VanVleet,Black/Mixed,SG,26,TOR,52,1899,16.8,0.534,0.547,0.22,1.8,11.3,6.4,26.7,2.2,2,9.1,23.9,2.4,1.8,4.3,0.108,2.3,-0.1,2.2,2,19675926
500,varejan01,Anderson Varejí£o\varejan01,Anderson Varejí£o,#N/A,C,38,CLE,5,36,12.9,0.326,0.063,0.563,21.3,41.4,31.1,12.2,0,5,4.8,25.4,-0.1,0,0,-0.029,-4,-2.2,-6.2,0,#N/A
501,vassede01,Devin Vassell\vassede01,Devin Vassell,#N/A,SF,20,SAS,62,1056,10.6,0.524,0.495,0.168,2.4,15.4,8.8,7.1,2,1.4,6.3,14.3,0.4,1.1,1.5,0.069,-2.5,0.6,-1.9,0.1,4235160
502,vincega01,Gabe Vincent\vincega01,Gabe Vincent,Black,PG,24,MIA,50,655,7.6,0.498,0.639,0.099,1.8,7.9,4.9,15.1,1.6,0.3,12.3,19.1,-0.4,0.5,0.2,0.011,-4.6,-1.1,-5.7,-0.6,1669178
503,vonleno01,Noah Vonleh\vonleno01,Noah Vonleh,Black,PF,25,BRK,4,11,-19,0,0.667,0,0,9.6,5,10.2,0,0,40,19.8,-0.1,0,-0.1,-0.488,-20.9,-8.9,-29.9,-0.1,#N/A
504,vucevni01,Nikola VuÛçeviÛˆ\vucevni01,Nikola VuÛçeviÛˆ,#N/A,C,30,TOT,70,2348,22.9,0.56,0.315,0.112,6.5,30.9,18.5,21.3,1.3,1.8,7.9,29.3,3.3,3,6.3,0.129,4.9,0.2,5.1,4.2,24000000
505,wadede01,Dean Wade\wadede01,Dean Wade,White,PF,24,CLE,63,1212,11.3,0.573,0.685,0.125,3.4,16.8,9.9,8.9,1.4,1.5,8.4,12.9,1.1,0.9,2,0.08,-1,-0.2,-1.2,0.2,1782621
506,wagnemo01,Moritz Wagner\wagnemo01,Moritz Wagner,White,C,23,TOT,45,722,12.5,0.58,0.397,0.38,3.9,17.7,10.7,9.7,1.7,2.2,13.9,18.1,0.5,0.8,1.2,0.082,-2.7,0,-2.7,-0.1,1729217
507,walkeke02,Kemba Walker\walkeke02,Kemba Walker,Black,PG,30,BOS,43,1369,17.7,0.559,0.522,0.22,1.3,12.6,6.9,23.8,1.7,0.8,10.6,26.1,2.1,1.1,3.3,0.115,2.5,-0.7,1.8,1.3,8729020
508,walkelo01,Lonnie Walker\walkelo01,Lonnie Walker,#N/A,SG,22,SAS,60,1522,9.8,0.523,0.463,0.115,1,10.1,5.4,9.6,0.9,0.8,9.2,20.1,-0.5,0.9,0.4,0.012,-2.2,-1.7,-3.8,-0.7,4447896
509,walljo01,John Wall\walljo01,John Wall,Black,PG,30,HOU,40,1288,15.4,0.503,0.343,0.291,1.3,9.7,5.3,36.2,1.5,2.1,14.7,31.7,-1,0.8,-0.2,-0.007,1.4,-1.6,-0.2,0.6,44310840
510,wanambr01,Brad Wanamaker\wanambr01,Brad Wanamaker,Black,PG,31,TOT,61,1053,9.5,0.489,0.284,0.338,1.8,8.8,5.3,22.5,1.9,1,17.1,16.9,-0.2,1,0.9,0.039,-4.6,-0.2,-4.8,-0.7,3458434
511,warretj01,T.J. Warren\warretj01,T.J. Warren,Black,SF,27,IND,4,117,11.6,0.56,0.137,0.196,1.9,11.1,6.5,6.5,0.8,0,6.7,21.6,0.1,0.1,0.1,0.045,-3,-2.5,-5.5,-0.1,12690000
512,washipj01,P.J. Washington\washipj01,P.J. Washington,Black,PF,22,CHO,64,1954,13.4,0.549,0.423,0.211,5.1,18.3,11.6,12.2,1.7,4,14.6,19.4,0.3,2.4,2.7,0.066,-1.4,0.3,-1.1,0.5,4215120
513,watanyu01,Yuta Watanabe\watanyu01,Yuta Watanabe,Asian/Mixed,SF,26,TOR,50,723,12.2,0.565,0.5,0.161,5.3,19.4,12.1,7.7,1.7,2.6,9,12.7,0.7,0.8,1.5,0.102,-1.1,0.4,-0.7,0.2,1762769
514,watertr01,Tremont Waters\watertr01,Tremont Waters,Black/Mixed,PG,23,BOS,26,238,14.6,0.541,0.452,0.202,2.3,7.5,4.9,36.4,3.1,0.4,22.8,21.4,0.2,0.2,0.4,0.08,0.3,0,0.3,0.1,1669178
515,watsopa01,Paul Watson\watsopa01,Paul Watson,Black,SF,26,TOR,27,297,10.9,0.649,0.78,0.098,1.4,15.7,8.3,8.2,1,1,9.5,13.7,0.4,0.2,0.6,0.096,-0.7,-0.7,-1.4,0,#N/A
516,weathqu01,Quinndary Weatherspoon\weathqu01,Quinndary Weatherspoon,Black,SG,24,SAS,20,121,9.6,0.547,0.171,0.457,2.6,7.2,4.8,9.1,3.2,1.4,19.2,18.7,-0.1,0.1,0.1,0.023,-5.9,0.8,-5.1,-0.1,1669178
517,westbru01,Russell Westbrook\westbru01,Russell Westbrook,Black,PG,32,WAS,65,2369,19.5,0.509,0.221,0.334,4.9,28.6,16.8,48.6,1.7,0.8,18,30.2,0.5,3.2,3.7,0.075,2.5,0.8,3.4,3.2,44211146
518,whiteco01,Coby White\whiteco01,Coby White,Black,PG,20,CHI,69,2156,12,0.54,0.503,0.157,1.5,13,7.3,21.8,0.9,0.6,13.9,22.5,0.7,1.7,2.4,0.052,-1.1,-1.4,-2.6,-0.3,5837760
519,whitede01,Derrick White\whitede01,Derrick White,Black/Mixed,SG,26,SAS,36,1064,15,0.55,0.536,0.252,1.3,9.6,5.4,17.4,1.2,2.9,8.2,22.4,1,0.9,1.9,0.085,1.1,0,1.1,0.8,15178571
520,whiteha01,Hassan Whiteside\whiteha01,Hassan Whiteside,Black,C,31,SAC,36,546,19.2,0.566,0.004,0.353,12.2,31.8,21.9,5.6,0.8,7.1,13.4,23.5,0.3,0.6,0.9,0.081,-1.8,-0.6,-2.5,-0.1,2401537
521,whittgr01,Greg Whittington\whittgr01,Greg Whittington,#N/A,PF,27,DEN,4,12,-10.2,0,0.667,0,0,0,0,0,0,0,0,10.9,-0.1,0,-0.1,-0.259,-11.4,-6.1,-17.5,0,#N/A
522,wiggian01,Andrew Wiggins\wiggian01,Andrew Wiggins,Black,PF,25,GSW,71,2364,15,0.568,0.348,0.225,3.7,11.8,7.8,10.9,1.3,2.6,9.8,23.3,1.2,2.7,3.9,0.08,-0.1,-0.6,-0.7,0.8,31579390
523,willigr01,Grant Williams\willigr01,Grant Williams,Black,PF,22,BOS,63,1138,7.5,0.546,0.522,0.206,4.7,12.8,8.7,7.4,1.4,2,17.2,12.3,0.1,1,1.1,0.046,-4,0,-4,-0.6,2617800
524,willike04,Kenrich Williams\willike04,Kenrich Williams,Black,PF,26,OKC,66,1426,14,0.599,0.285,0.153,6.1,14,10,16.4,1.8,1.1,14.8,15.3,1.6,1.2,2.8,0.096,-1.1,0.7,-0.3,0.6,2000000
525,willilo02,Lou Williams\willilo02,Lou Williams,Black,PG,34,TOT,66,1423,14,0.519,0.268,0.268,1.7,8.9,5.4,23.4,1.6,0.4,13,25.7,0.5,1.2,1.7,0.056,-1.1,-1.8,-2.9,-0.3,5000000
526,willipa01,Patrick Williams\willipa01,Patrick Williams,#N/A,PF,19,CHI,71,1983,10.5,0.562,0.261,0.237,3.7,14.4,9.1,6.7,1.6,2,14.4,14.9,0.3,2.2,2.5,0.06,-2.7,0,-2.7,-0.3,7422000
527,williro04,Robert Williams\williro04,Robert Williams,#N/A,C,23,BOS,52,985,25.7,0.719,0.008,0.283,14.9,25.6,20.2,14.2,2.1,8.6,15.2,15,3.4,1.9,5.3,0.258,3,3.1,6.1,2,3661976
528,willizi01,Zion Williamson\willizi01,Zion Williamson,Black,PF,20,NOP,61,2026,27.1,0.649,0.033,0.51,8.9,14.7,11.8,19.7,1.3,1.8,11.6,29.8,7.1,1.6,8.7,0.205,5.8,-0.4,5.4,3.8,10733400
529,wilsodj01,D.J. Wilson\wilsodj01,D.J. Wilson,Black/Mixed,PF,24,TOT,35,433,11.5,0.511,0.518,0.149,4.8,23.2,13.7,7.9,1.2,3.3,10.9,19.7,-0.2,0.5,0.3,0.032,-2.8,-0.7,-3.5,-0.2,1789256
530,windldy01,Dylan Windler\windldy01,Dylan Windler,White,SF,24,CLE,31,513,10.8,0.567,0.592,0.208,4.3,19.5,11.7,9.4,1.8,2.1,18.4,14.8,0,0.5,0.5,0.045,-1.8,0.1,-1.7,0,2239200
531,winslju01,Justise Winslow\winslju01,Justise Winslow,Black,SF,24,MEM,26,507,6.2,0.395,0.257,0.167,3.7,21.1,12.3,13.3,1.4,2.1,14.1,21.9,-1.3,0.6,-0.7,-0.066,-6.2,0.1,-6.1,-0.5,16902439
532,winstca01,Cassius Winston\winstca01,Cassius Winston,#N/A,PG,22,WAS,22,98,10.8,0.575,0.515,0.182,0,9.7,4.9,16.3,0.9,0.9,12.3,17.2,0.1,0.1,0.1,0.066,-1.7,-1.3,-3,0,#N/A
533,wisemja01,James Wiseman\wisemja01,James Wiseman,#N/A,C,19,GSW,39,836,13.1,0.552,0.103,0.234,7.1,21.5,14.4,4.9,0.6,3.8,12.9,23.8,-0.4,1.2,0.7,0.042,-4,-1.4,-5.4,-0.7,9166800
534,woodch01,Christian Wood\woodch01,Christian Wood,Black,C,25,HOU,41,1326,20,0.591,0.322,0.309,5.9,26.8,15.9,9.4,1.2,3.2,9.9,25.9,1.4,1.4,2.8,0.1,1.9,-0.5,1.4,1.2,13666667
535,woodaro01,Robert Woodard\woodaro01,Robert Woodard,#N/A,SF,21,SAC,13,45,12.5,0.425,0.3,0.4,9.7,30,19.7,6.3,0,5.6,4.1,23.4,0,0,0,-0.011,-2.6,-2.7,-5.4,0,1517981
536,wrighde01,Delon Wright\wrighde01,Delon Wright,Black,SG-PG,28,TOT,63,1748,16.3,0.562,0.332,0.243,4.1,13.1,8.6,23,2.8,1.5,12.6,16.3,2.5,1.8,4.3,0.117,0.7,1.3,2,1.7,8526316
537,youngth01,Thaddeus Young\youngth01,Thaddeus Young,Black,PF,32,CHI,68,1652,20.3,0.578,0.068,0.171,11.4,16.9,14.2,27.1,2.2,2.1,16.1,22.3,2.8,2.2,5.1,0.147,2,1.2,3.2,2.2,14190000
538,youngtr01,Trae Young\youngtr01,Trae Young,Black/Mixed,PG,22,ATL,63,2125,23,0.589,0.357,0.491,2,10.5,6.3,45.5,1.2,0.5,16.2,33,5.9,1.3,7.2,0.163,5.4,-1.7,3.6,3,8326471
539,zelleco01,Cody Zeller\zelleco01,Cody Zeller,White,C,28,CHO,48,1005,18.2,0.599,0.086,0.367,12.6,22.9,17.7,13.2,1.3,1.7,11.9,18.3,2.1,1.1,3.3,0.156,-0.2,-0.1,-0.3,0.4,2389641
540,zubaciv01,Ivica Zubac\zubaciv01,Ivica Zubac,White,C,23,LAC,72,1609,19.1,0.693,0.01,0.434,13.6,22.4,18.1,7.9,0.7,3.4,14.7,15.1,4.8,2.1,6.9,0.206,0.7,0,0.7,1.1,7518518